CANON.md	CANON
README.md	Home
case-studies/0001-thirteen-slug-functions.md	Case-Studies-0001-Thirteen-Slug-Functions
case-studies/0002-the-datetime-instant-move.md	Case-Studies-0002-The-Datetime-Instant-Move
case-studies/0003-the-legacy-library-everyone-remembers.md	Case-Studies-0003-The-Legacy-Library-Everyone-Remembers
case-studies/0004-the-dependency-nobody-declared.md	Case-Studies-0004-The-Dependency-Nobody-Declared
case-studies/README.md	Case-Studies
decisions/0003-library-skills-via-repository-artifacts.md	Decisions-0003-Library-Skills-Via-Repository-Artifacts
decisions/0004-librarian-and-codex.md	Decisions-0004-Librarian-And-Codex
decisions/0005-repository-structure.md	Decisions-0005-Repository-Structure
decisions/0007-conform-to-existing-conventions.md	Decisions-0007-Conform-To-Existing-Conventions
decisions/0008-adopt-knowledge-tree.md	Decisions-0008-Adopt-Knowledge-Tree
decisions/0009-transport-is-sources-jar.md	Decisions-0009-Transport-Is-Sources-Jar
decisions/0010-measure-through-developer-tools.md	Decisions-0010-Measure-Through-Developer-Tools
decisions/0011-publishing-posture-for-security-findings.md	Decisions-0011-Publishing-Posture-For-Security-Findings
decisions/0012-a-shared-machine-level-index-store.md	Decisions-0012-A-Shared-Machine-Level-Index-Store
decisions/README.md	Decisions
postmortems/README.md	Postmortems
postmortems/v1-bundled-flat-files.md	Postmortems-V1-Bundled-Flat-Files
reference/README.md	Reference
reference/doc-comment-systems.md	Reference-Doc-Comment-Systems
reference/glossary.md	Reference-Glossary
reference/landscape.md	Reference-Landscape
requirements/0001-the-dependency-codex.md	Requirements-0001-The-Dependency-Codex
requirements/0002-the-trust-boundary.md	Requirements-0002-The-Trust-Boundary
requirements/README.md	Requirements
research/0001-cost-of-a-skill-per-dependency.md	Research-0001-Cost-Of-A-Skill-Per-Dependency
research/0002-existing-documentation-systems-as-skill-transport.md	Research-0002-Existing-Documentation-Systems-As-Skill-Transport
research/0003-central-capability-server.md	Research-0003-Central-Capability-Server
research/0004-external-review-of-the-proposal.md	Research-0004-External-Review-Of-The-Proposal
research/0005-a-git-hosted-codex.md	Research-0005-A-Git-Hosted-Codex
research/0006-development-time-prompt-injection.md	Research-0006-Development-Time-Prompt-Injection
research/0007-choosing-between-overlapping-libraries.md	Research-0007-Choosing-Between-Overlapping-Libraries
research/0008-the-field-as-it-stands.md	Research-0008-The-Field-As-It-Stands
research/0009-reusing-indexers-and-what-to-index.md	Research-0009-Reusing-Indexers-And-What-To-Index
research/0010-how-the-codex-is-stored-and-served.md	Research-0010-How-The-Codex-Is-Stored-And-Served
research/0011-existing-documentation-systems-as-skill-content.md	Research-0011-Existing-Documentation-Systems-As-Skill-Content
research/0012-structure-from-bytecode.md	Research-0012-Structure-From-Bytecode
research/0013-the-codex-entry.md	Research-0013-The-Codex-Entry
research/0014-build-vs-reuse.md	Research-0014-Build-Vs-Reuse
research/0015-how-the-source-is-read.md	Research-0015-How-The-Source-Is-Read
research/0016-the-content-value-ab.md	Research-0016-The-Content-Value-Ab
research/0017-the-retrieval-disambiguation-ab.md	Research-0017-The-Retrieval-Disambiguation-Ab
research/0018-the-selection-ab.md	Research-0018-The-Selection-Ab
research/0019-retrieval-at-scale.md	Research-0019-Retrieval-At-Scale
research/0020-information-flow-control.md	Research-0020-Information-Flow-Control
research/0021-admission-control-at-harvest.md	Research-0021-Admission-Control-At-Harvest
research/0022-the-value-of-transitive-capabilities.md	Research-0022-The-Value-Of-Transitive-Capabilities
research/0023-deterministic-harness-or-harvested-knowledge.md	Research-0023-Deterministic-Harness-Or-Harvested-Knowledge
research/0024-does-the-pipeline-filter-injection.md	Research-0024-Does-The-Pipeline-Filter-Injection
research/0025-the-summariser-as-attack-surface.md	Research-0025-The-Summariser-As-Attack-Surface
research/0026-meaning-without-command.md	Research-0026-Meaning-Without-Command
research/0027-the-identifier-as-a-free-text-channel.md	Research-0027-The-Identifier-As-A-Free-Text-Channel
research/0028-sast-tooling-as-a-detection-layer.md	Research-0028-Sast-Tooling-As-A-Detection-Layer
research/0029-the-agent-as-a-trust-launderer.md	Research-0029-The-Agent-As-A-Trust-Launderer
research/0030-a-conventions-filter-from-real-corpora.md	Research-0030-A-Conventions-Filter-From-Real-Corpora
research/0031-which-vectors-reach-a-real-project.md	Research-0031-Which-Vectors-Reach-A-Real-Project
research/0032-can-standing-instructions-override-injection.md	Research-0032-Can-Standing-Instructions-Override-Injection
research/0033-do-form-constraints-compose.md	Research-0033-Do-Form-Constraints-Compose
research/0034-better-linters-or-better-configuration.md	Research-0034-Better-Linters-Or-Better-Configuration
research/0035-a-small-local-model-for-the-prose-gap.md	Research-0035-A-Small-Local-Model-For-The-Prose-Gap
research/0036-can-the-corpus-be-poisoned.md	Research-0036-Can-The-Corpus-Be-Poisoned
research/0037-unresolved-tensions.md	Research-0037-Unresolved-Tensions
research/0038-an-external-model-review-of-the-corpus.md	Research-0038-An-External-Model-Review-Of-The-Corpus
research/0039-where-the-dependency-graph-comes-from.md	Research-0039-Where-The-Dependency-Graph-Comes-From
research/0040-does-summarising-improve-retrieval.md	Research-0040-Does-Summarising-Improve-Retrieval
research/0041-deduplication-under-an-incremental-store.md	Research-0041-Deduplication-Under-An-Incremental-Store
research/README.md	Research
