:	direct	ch.qos.logback:logback-classic:1.5.21	dev
:	direct	ch.qos.logback:logback-classic:1.5.21	prod
:	direct	io.ktor:ktor-bom:3.5.2	dev
:	direct	io.ktor:ktor-bom:3.5.2	prod
:	direct	io.ktor:ktor-server-call-logging:3.5.2	dev
:	direct	io.ktor:ktor-server-call-logging:3.5.2	prod
:	direct	io.ktor:ktor-server-core-jvm:3.5.2	dev
:	direct	io.ktor:ktor-server-core-jvm:3.5.2	prod
:	direct	io.ktor:ktor-server-default-headers:3.5.2	dev
:	direct	io.ktor:ktor-server-default-headers:3.5.2	prod
:	direct	io.ktor:ktor-server-html-builder:3.5.2	dev
:	direct	io.ktor:ktor-server-html-builder:3.5.2	prod
:	direct	io.ktor:ktor-server-netty-jvm:3.5.2	dev
:	direct	io.ktor:ktor-server-netty-jvm:3.5.2	prod
:	direct	io.ktor:ktor-server-test-host-jvm:3.5.2	dev
:	direct	org.jetbrains.kotlin:kotlin-stdlib:2.4.10	dev
:	direct	org.jetbrains.kotlin:kotlin-stdlib:2.4.10	prod
:	direct	org.jetbrains.kotlin:kotlin-test-junit:2.4.10	dev
:	transitive	ch.qos.logback:logback-core:1.5.21	dev
:	transitive	ch.qos.logback:logback-core:1.5.21	prod
:	transitive	com.typesafe:config:1.4.9	dev
:	transitive	com.typesafe:config:1.4.9	prod
:	transitive	io.ktor:ktor-client-apache5-jvm:3.5.2	dev
:	transitive	io.ktor:ktor-client-apache5:3.5.2	dev
:	transitive	io.ktor:ktor-client-cio-jvm:3.5.2	dev
:	transitive	io.ktor:ktor-client-cio:3.5.2	dev
:	transitive	io.ktor:ktor-client-core-jvm:3.5.2	dev
:	transitive	io.ktor:ktor-client-core:3.5.2	dev
:	transitive	io.ktor:ktor-events-jvm:3.5.2	dev
:	transitive	io.ktor:ktor-events-jvm:3.5.2	prod
:	transitive	io.ktor:ktor-events:3.5.2	dev
:	transitive	io.ktor:ktor-events:3.5.2	prod
:	transitive	io.ktor:ktor-http-cio-jvm:3.5.2	dev
:	transitive	io.ktor:ktor-http-cio-jvm:3.5.2	prod
:	transitive	io.ktor:ktor-http-cio:3.5.2	dev
:	transitive	io.ktor:ktor-http-cio:3.5.2	prod
:	transitive	io.ktor:ktor-http-jvm:3.5.2	dev
:	transitive	io.ktor:ktor-http-jvm:3.5.2	prod
:	transitive	io.ktor:ktor-http:3.5.2	dev
:	transitive	io.ktor:ktor-http:3.5.2	prod
:	transitive	io.ktor:ktor-io-jvm:3.5.2	dev
:	transitive	io.ktor:ktor-io-jvm:3.5.2	prod
:	transitive	io.ktor:ktor-io:3.5.2	dev
:	transitive	io.ktor:ktor-io:3.5.2	prod
:	transitive	io.ktor:ktor-network-jvm:3.5.2	dev
:	transitive	io.ktor:ktor-network-jvm:3.5.2	prod
:	transitive	io.ktor:ktor-network-tls-certificates-jvm:3.5.2	dev
:	transitive	io.ktor:ktor-network-tls-certificates:3.5.2	dev
:	transitive	io.ktor:ktor-network-tls-jvm:3.5.2	dev
:	transitive	io.ktor:ktor-network-tls:3.5.2	dev
:	transitive	io.ktor:ktor-network:3.5.2	dev
:	transitive	io.ktor:ktor-network:3.5.2	prod
:	transitive	io.ktor:ktor-serialization-jvm:3.5.2	dev
:	transitive	io.ktor:ktor-serialization-jvm:3.5.2	prod
:	transitive	io.ktor:ktor-serialization:3.5.2	dev
:	transitive	io.ktor:ktor-serialization:3.5.2	prod
:	transitive	io.ktor:ktor-server-call-logging-jvm:3.5.2	dev
:	transitive	io.ktor:ktor-server-call-logging-jvm:3.5.2	prod
:	transitive	io.ktor:ktor-server-core:3.5.2	dev
:	transitive	io.ktor:ktor-server-core:3.5.2	prod
:	transitive	io.ktor:ktor-server-default-headers-jvm:3.5.2	dev
:	transitive	io.ktor:ktor-server-default-headers-jvm:3.5.2	prod
:	transitive	io.ktor:ktor-server-html-builder-jvm:3.5.2	dev
:	transitive	io.ktor:ktor-server-html-builder-jvm:3.5.2	prod
:	transitive	io.ktor:ktor-server-websockets-jvm:3.5.2	dev
:	transitive	io.ktor:ktor-server-websockets:3.5.2	dev
:	transitive	io.ktor:ktor-sse-jvm:3.5.2	dev
:	transitive	io.ktor:ktor-sse:3.5.2	dev
:	transitive	io.ktor:ktor-test-dispatcher-jvm:3.5.2	dev
:	transitive	io.ktor:ktor-test-dispatcher:3.5.2	dev
:	transitive	io.ktor:ktor-utils-jvm:3.5.2	dev
:	transitive	io.ktor:ktor-utils-jvm:3.5.2	prod
:	transitive	io.ktor:ktor-utils:3.5.2	dev
:	transitive	io.ktor:ktor-utils:3.5.2	prod
:	transitive	io.ktor:ktor-websocket-serialization-jvm:3.5.2	dev
:	transitive	io.ktor:ktor-websocket-serialization:3.5.2	dev
:	transitive	io.ktor:ktor-websockets-jvm:3.5.2	dev
:	transitive	io.ktor:ktor-websockets-jvm:3.5.2	prod
:	transitive	io.ktor:ktor-websockets:3.5.2	dev
:	transitive	io.ktor:ktor-websockets:3.5.2	prod
:	transitive	io.netty:netty-buffer:4.2.16.Final	dev
:	transitive	io.netty:netty-buffer:4.2.16.Final	prod
:	transitive	io.netty:netty-codec-base:4.2.16.Final	dev
:	transitive	io.netty:netty-codec-base:4.2.16.Final	prod
:	transitive	io.netty:netty-codec-compression:4.2.16.Final	dev
:	transitive	io.netty:netty-codec-compression:4.2.16.Final	prod
:	transitive	io.netty:netty-codec-http2:4.2.16.Final	dev
:	transitive	io.netty:netty-codec-http2:4.2.16.Final	prod
:	transitive	io.netty:netty-codec-http:4.2.16.Final	dev
:	transitive	io.netty:netty-codec-http:4.2.16.Final	prod
:	transitive	io.netty:netty-codec-marshalling:4.2.16.Final	dev
:	transitive	io.netty:netty-codec-marshalling:4.2.16.Final	prod
:	transitive	io.netty:netty-codec-protobuf:4.2.16.Final	dev
:	transitive	io.netty:netty-codec-protobuf:4.2.16.Final	prod
:	transitive	io.netty:netty-codec:4.2.16.Final	dev
:	transitive	io.netty:netty-codec:4.2.16.Final	prod
:	transitive	io.netty:netty-common:4.2.16.Final	dev
:	transitive	io.netty:netty-common:4.2.16.Final	prod
:	transitive	io.netty:netty-handler:4.2.16.Final	dev
:	transitive	io.netty:netty-handler:4.2.16.Final	prod
:	transitive	io.netty:netty-resolver:4.2.16.Final	dev
:	transitive	io.netty:netty-resolver:4.2.16.Final	prod
:	transitive	io.netty:netty-transport-classes-epoll:4.2.16.Final	dev
:	transitive	io.netty:netty-transport-classes-epoll:4.2.16.Final	prod
:	transitive	io.netty:netty-transport-classes-kqueue:4.2.16.Final	dev
:	transitive	io.netty:netty-transport-classes-kqueue:4.2.16.Final	prod
:	transitive	io.netty:netty-transport-native-epoll:4.2.16.Final	dev
:	transitive	io.netty:netty-transport-native-epoll:4.2.16.Final	prod
:	transitive	io.netty:netty-transport-native-kqueue:4.2.16.Final	dev
:	transitive	io.netty:netty-transport-native-kqueue:4.2.16.Final	prod
:	transitive	io.netty:netty-transport-native-unix-common:4.2.16.Final	dev
:	transitive	io.netty:netty-transport-native-unix-common:4.2.16.Final	prod
:	transitive	io.netty:netty-transport:4.2.16.Final	dev
:	transitive	io.netty:netty-transport:4.2.16.Final	prod
:	transitive	junit:junit:4.13.2	dev
:	transitive	net.bytebuddy:byte-buddy-agent:1.17.6	dev
:	transitive	net.bytebuddy:byte-buddy:1.17.6	dev
:	transitive	net.java.dev.jna:jna-platform:5.9.0	dev
:	transitive	net.java.dev.jna:jna:5.9.0	dev
:	transitive	org.apache.httpcomponents.client5:httpclient5:5.5.1	dev
:	transitive	org.apache.httpcomponents.core5:httpcore5-h2:5.3.6	dev
:	transitive	org.apache.httpcomponents.core5:httpcore5:5.3.6	dev
:	transitive	org.eclipse.jetty.alpn:alpn-api:1.1.3.v20160715	dev
:	transitive	org.eclipse.jetty.alpn:alpn-api:1.1.3.v20160715	prod
:	transitive	org.fusesource.jansi:jansi:2.4.3	dev
:	transitive	org.fusesource.jansi:jansi:2.4.3	prod
:	transitive	org.hamcrest:hamcrest-core:1.3	dev
:	transitive	org.jetbrains.kotlin:kotlin-reflect:2.3.21	dev
:	transitive	org.jetbrains.kotlin:kotlin-reflect:2.3.21	prod
:	transitive	org.jetbrains.kotlin:kotlin-stdlib:2.4.10	prod
:	transitive	org.jetbrains.kotlin:kotlin-test:2.4.10	dev
:	transitive	org.jetbrains.kotlinx:kotlinx-coroutines-bom:1.11.0	dev
:	transitive	org.jetbrains.kotlinx:kotlinx-coroutines-bom:1.11.0	prod
:	transitive	org.jetbrains.kotlinx:kotlinx-coroutines-core-jvm:1.11.0	dev
:	transitive	org.jetbrains.kotlinx:kotlinx-coroutines-core-jvm:1.11.0	prod
:	transitive	org.jetbrains.kotlinx:kotlinx-coroutines-core:1.11.0	dev
:	transitive	org.jetbrains.kotlinx:kotlinx-coroutines-core:1.11.0	prod
:	transitive	org.jetbrains.kotlinx:kotlinx-coroutines-debug:1.11.0	dev
:	transitive	org.jetbrains.kotlinx:kotlinx-coroutines-slf4j:1.11.0	dev
:	transitive	org.jetbrains.kotlinx:kotlinx-coroutines-slf4j:1.11.0	prod
:	transitive	org.jetbrains.kotlinx:kotlinx-coroutines-test-jvm:1.11.0	dev
:	transitive	org.jetbrains.kotlinx:kotlinx-coroutines-test:1.11.0	dev
:	transitive	org.jetbrains.kotlinx:kotlinx-html-jvm:0.12.0	dev
:	transitive	org.jetbrains.kotlinx:kotlinx-html-jvm:0.12.0	prod
:	transitive	org.jetbrains.kotlinx:kotlinx-html:0.12.0	dev
:	transitive	org.jetbrains.kotlinx:kotlinx-html:0.12.0	prod
:	transitive	org.jetbrains.kotlinx:kotlinx-io-bytestring-jvm:0.9.1	dev
:	transitive	org.jetbrains.kotlinx:kotlinx-io-bytestring-jvm:0.9.1	prod
:	transitive	org.jetbrains.kotlinx:kotlinx-io-bytestring:0.9.1	dev
:	transitive	org.jetbrains.kotlinx:kotlinx-io-bytestring:0.9.1	prod
:	transitive	org.jetbrains.kotlinx:kotlinx-io-core-jvm:0.9.1	dev
:	transitive	org.jetbrains.kotlinx:kotlinx-io-core-jvm:0.9.1	prod
:	transitive	org.jetbrains.kotlinx:kotlinx-io-core:0.9.1	dev
:	transitive	org.jetbrains.kotlinx:kotlinx-io-core:0.9.1	prod
:	transitive	org.jetbrains.kotlinx:kotlinx-serialization-bom:1.11.0	dev
:	transitive	org.jetbrains.kotlinx:kotlinx-serialization-bom:1.11.0	prod
:	transitive	org.jetbrains.kotlinx:kotlinx-serialization-core-jvm:1.11.0	dev
:	transitive	org.jetbrains.kotlinx:kotlinx-serialization-core-jvm:1.11.0	prod
:	transitive	org.jetbrains.kotlinx:kotlinx-serialization-core:1.11.0	dev
:	transitive	org.jetbrains.kotlinx:kotlinx-serialization-core:1.11.0	prod
:	transitive	org.jetbrains:annotations:23.0.0	dev
:	transitive	org.jetbrains:annotations:23.0.0	prod
:	transitive	org.slf4j:slf4j-api:2.0.18	dev
:	transitive	org.slf4j:slf4j-api:2.0.18	prod
