next-cms-tina	transitive	@adobe/react-spectrum@3.47.3	prod
next-cms-tina	transitive	@adobe/react-spectrum-ui@1.2.1	prod
next-cms-tina	transitive	@adobe/react-spectrum-workflow@2.3.5	prod
next-cms-tina	transitive	@alloc/quick-lru@5.2.0	dev
next-cms-tina	transitive	@ardatan/relay-compiler@12.0.0	prod
next-cms-tina	transitive	@babel/code-frame@7.29.7	prod
next-cms-tina	transitive	@babel/compat-data@7.29.7	prod
next-cms-tina	transitive	@babel/core@7.29.7	prod
next-cms-tina	transitive	@babel/generator@7.29.8	prod
next-cms-tina	transitive	@babel/helper-annotate-as-pure@7.29.7	prod
next-cms-tina	transitive	@babel/helper-compilation-targets@7.29.7	prod
next-cms-tina	transitive	@babel/helper-create-class-features-plugin@7.29.7	prod
next-cms-tina	transitive	@babel/helper-globals@7.29.7	prod
next-cms-tina	transitive	@babel/helper-member-expression-to-functions@7.29.7	prod
next-cms-tina	transitive	@babel/helper-module-imports@7.29.7	prod
next-cms-tina	transitive	@babel/helper-module-transforms@7.29.7	prod
next-cms-tina	transitive	@babel/helper-optimise-call-expression@7.29.7	prod
next-cms-tina	transitive	@babel/helper-plugin-utils@7.29.7	prod
next-cms-tina	transitive	@babel/helper-replace-supers@7.29.7	prod
next-cms-tina	transitive	@babel/helper-skip-transparent-expression-wrappers@7.29.7	prod
next-cms-tina	transitive	@babel/helper-string-parser@7.29.7	prod
next-cms-tina	transitive	@babel/helper-validator-identifier@7.29.7	prod
next-cms-tina	transitive	@babel/helper-validator-option@7.29.7	prod
next-cms-tina	transitive	@babel/helpers@7.29.7	prod
next-cms-tina	transitive	@babel/parser@7.29.8	prod
next-cms-tina	transitive	@babel/plugin-proposal-class-properties@7.18.6	prod
next-cms-tina	transitive	@babel/plugin-proposal-object-rest-spread@7.20.7	prod
next-cms-tina	transitive	@babel/plugin-syntax-async-generators@7.8.4	prod
next-cms-tina	transitive	@babel/plugin-syntax-bigint@7.8.3	prod
next-cms-tina	transitive	@babel/plugin-syntax-class-properties@7.12.13	prod
next-cms-tina	transitive	@babel/plugin-syntax-class-static-block@7.14.5	prod
next-cms-tina	transitive	@babel/plugin-syntax-flow@7.29.7	prod
next-cms-tina	transitive	@babel/plugin-syntax-import-attributes@7.29.7	prod
next-cms-tina	transitive	@babel/plugin-syntax-import-meta@7.10.4	prod
next-cms-tina	transitive	@babel/plugin-syntax-json-strings@7.8.3	prod
next-cms-tina	transitive	@babel/plugin-syntax-jsx@7.29.7	prod
next-cms-tina	transitive	@babel/plugin-syntax-logical-assignment-operators@7.10.4	prod
next-cms-tina	transitive	@babel/plugin-syntax-nullish-coalescing-operator@7.8.3	prod
next-cms-tina	transitive	@babel/plugin-syntax-numeric-separator@7.10.4	prod
next-cms-tina	transitive	@babel/plugin-syntax-object-rest-spread@7.8.3	prod
next-cms-tina	transitive	@babel/plugin-syntax-optional-catch-binding@7.8.3	prod
next-cms-tina	transitive	@babel/plugin-syntax-optional-chaining@7.8.3	prod
next-cms-tina	transitive	@babel/plugin-syntax-private-property-in-object@7.14.5	prod
next-cms-tina	transitive	@babel/plugin-syntax-top-level-await@7.14.5	prod
next-cms-tina	transitive	@babel/plugin-transform-arrow-functions@7.29.7	prod
next-cms-tina	transitive	@babel/plugin-transform-block-scoped-functions@7.29.7	prod
next-cms-tina	transitive	@babel/plugin-transform-block-scoping@7.29.7	prod
next-cms-tina	transitive	@babel/plugin-transform-classes@7.29.7	prod
next-cms-tina	transitive	@babel/plugin-transform-computed-properties@7.29.7	prod
next-cms-tina	transitive	@babel/plugin-transform-destructuring@7.29.7	prod
next-cms-tina	transitive	@babel/plugin-transform-flow-strip-types@7.29.7	prod
next-cms-tina	transitive	@babel/plugin-transform-for-of@7.29.7	prod
next-cms-tina	transitive	@babel/plugin-transform-function-name@7.29.7	prod
next-cms-tina	transitive	@babel/plugin-transform-literals@7.29.7	prod
next-cms-tina	transitive	@babel/plugin-transform-member-expression-literals@7.29.7	prod
next-cms-tina	transitive	@babel/plugin-transform-modules-commonjs@7.29.7	prod
next-cms-tina	transitive	@babel/plugin-transform-object-super@7.29.7	prod
next-cms-tina	transitive	@babel/plugin-transform-parameters@7.29.7	prod
next-cms-tina	transitive	@babel/plugin-transform-property-literals@7.29.7	prod
next-cms-tina	transitive	@babel/plugin-transform-react-display-name@7.29.7	prod
next-cms-tina	transitive	@babel/plugin-transform-react-jsx@7.29.7	prod
next-cms-tina	transitive	@babel/plugin-transform-shorthand-properties@7.29.7	prod
next-cms-tina	transitive	@babel/plugin-transform-spread@7.29.8	prod
next-cms-tina	transitive	@babel/plugin-transform-template-literals@7.29.7	prod
next-cms-tina	transitive	@babel/runtime@7.29.7	prod
next-cms-tina	transitive	@babel/template@7.29.7	prod
next-cms-tina	transitive	@babel/traverse@7.29.8	prod
next-cms-tina	transitive	@babel/types@7.29.8	prod
next-cms-tina	transitive	@cnakazawa/watch@1.0.4	prod
next-cms-tina	direct	@emnapi/runtime@1.11.3	prod
next-cms-tina	transitive	@emotion/is-prop-valid@1.4.0	prod
next-cms-tina	transitive	@emotion/memoize@0.9.0	prod
next-cms-tina	transitive	@emotion/stylis@0.8.5	prod
next-cms-tina	transitive	@emotion/unitless@0.7.5	prod
next-cms-tina	transitive	@esbuild/linux-loong64@	prod
next-cms-tina	transitive	@floating-ui/core@0.3.1	prod
next-cms-tina	transitive	@floating-ui/dom@0.1.10	prod
next-cms-tina	transitive	@floating-ui/react-dom@0.3.4	prod
next-cms-tina	transitive	@formatjs/ecma402-abstract@2.3.6	prod
next-cms-tina	transitive	@formatjs/fast-memoize@2.2.7	prod
next-cms-tina	transitive	@formatjs/icu-messageformat-parser@2.11.4	prod
next-cms-tina	transitive	@formatjs/icu-skeleton-parser@1.8.16	prod
next-cms-tina	transitive	@formatjs/intl-localematcher@0.6.2	prod
next-cms-tina	transitive	@graphql-codegen/core@2.6.8	prod
next-cms-tina	transitive	@graphql-codegen/plugin-helpers@3.1.2	prod
next-cms-tina	transitive	@graphql-codegen/schema-ast@2.6.1	prod
next-cms-tina	transitive	@graphql-codegen/typescript@2.8.8	prod
next-cms-tina	transitive	@graphql-codegen/typescript-generic-sdk@2.5.1	prod
next-cms-tina	transitive	@graphql-codegen/typescript-operations@2.5.13	prod
next-cms-tina	transitive	@graphql-codegen/visitor-plugin-common@2.12.1	prod
next-cms-tina	transitive	@graphql-tools/graphql-file-loader@7.5.17	prod
next-cms-tina	transitive	@graphql-tools/import@6.7.18	prod
next-cms-tina	transitive	@graphql-tools/load@7.8.14	prod
next-cms-tina	transitive	@graphql-tools/merge@8.4.2	prod
next-cms-tina	transitive	@graphql-tools/optimize@1.4.0	prod
next-cms-tina	transitive	@graphql-tools/relay-operation-optimizer@6.5.18	prod
next-cms-tina	transitive	@graphql-tools/schema@9.0.19	prod
next-cms-tina	transitive	@graphql-tools/utils@9.2.1	prod
next-cms-tina	transitive	@graphql-typed-document-node/core@3.2.0	prod
next-cms-tina	transitive	@headlessui/react@1.7.19	prod
next-cms-tina	transitive	@heroicons/react@1.0.6	prod
next-cms-tina	transitive	@icons/material@0.2.4	prod
next-cms-tina	transitive	@img/colour@1.1.0	prod
next-cms-tina	transitive	@img/sharp-darwin-arm64@	prod
next-cms-tina	transitive	@img/sharp-darwin-x64@	prod
next-cms-tina	transitive	@img/sharp-freebsd-wasm32@	prod
next-cms-tina	transitive	@img/sharp-libvips-darwin-arm64@	prod
next-cms-tina	transitive	@img/sharp-libvips-darwin-x64@	prod
next-cms-tina	transitive	@img/sharp-libvips-linux-arm@	prod
next-cms-tina	transitive	@img/sharp-libvips-linux-arm64@	prod
next-cms-tina	transitive	@img/sharp-libvips-linux-ppc64@	prod
next-cms-tina	transitive	@img/sharp-libvips-linux-riscv64@	prod
next-cms-tina	transitive	@img/sharp-libvips-linux-s390x@	prod
next-cms-tina	transitive	@img/sharp-libvips-linux-x64@1.3.2	prod
next-cms-tina	transitive	@img/sharp-libvips-linuxmusl-arm64@	prod
next-cms-tina	transitive	@img/sharp-libvips-linuxmusl-x64@	prod
next-cms-tina	transitive	@img/sharp-linux-arm@	prod
next-cms-tina	transitive	@img/sharp-linux-arm64@	prod
next-cms-tina	transitive	@img/sharp-linux-ppc64@	prod
next-cms-tina	transitive	@img/sharp-linux-riscv64@	prod
next-cms-tina	transitive	@img/sharp-linux-s390x@	prod
next-cms-tina	transitive	@img/sharp-linux-x64@0.35.3	prod
next-cms-tina	transitive	@img/sharp-linuxmusl-arm64@	prod
next-cms-tina	transitive	@img/sharp-linuxmusl-x64@	prod
next-cms-tina	direct	@img/sharp-wasm32@0.35.3	prod
next-cms-tina	transitive	@img/sharp-webcontainers-wasm32@	prod
next-cms-tina	transitive	@img/sharp-win32-arm64@	prod
next-cms-tina	transitive	@img/sharp-win32-ia32@	prod
next-cms-tina	transitive	@img/sharp-win32-x64@	prod
next-cms-tina	transitive	@internationalized/date@3.12.3	prod
next-cms-tina	transitive	@internationalized/message@3.1.10	prod
next-cms-tina	transitive	@internationalized/number@3.6.7	prod
next-cms-tina	transitive	@internationalized/string@3.2.10	prod
next-cms-tina	transitive	@istanbuljs/load-nyc-config@1.1.0	prod
next-cms-tina	transitive	@istanbuljs/schema@0.1.6	prod
next-cms-tina	transitive	@jest/transform@26.6.2	prod
next-cms-tina	transitive	@jest/types@26.6.2	prod
next-cms-tina	transitive	@jridgewell/gen-mapping@0.3.13	prod
next-cms-tina	transitive	@jridgewell/remapping@2.3.5	prod
next-cms-tina	transitive	@jridgewell/resolve-uri@3.1.2	prod
next-cms-tina	transitive	@jridgewell/sourcemap-codec@1.5.5	prod
next-cms-tina	transitive	@jridgewell/trace-mapping@0.3.31	prod
next-cms-tina	transitive	@next/env@16.3.0	prod
next-cms-tina	transitive	@next/swc-darwin-arm64@	prod
next-cms-tina	transitive	@next/swc-darwin-x64@	prod
next-cms-tina	transitive	@next/swc-linux-arm64-gnu@	prod
next-cms-tina	transitive	@next/swc-linux-arm64-musl@	prod
next-cms-tina	transitive	@next/swc-linux-x64-gnu@16.3.0	prod
next-cms-tina	transitive	@next/swc-linux-x64-musl@	prod
next-cms-tina	transitive	@next/swc-win32-arm64-msvc@	prod
next-cms-tina	transitive	@next/swc-win32-x64-msvc@	prod
next-cms-tina	transitive	@nodelib/fs.scandir@2.1.5	prod
next-cms-tina	transitive	@nodelib/fs.stat@2.0.5	prod
next-cms-tina	transitive	@nodelib/fs.walk@1.2.8	prod
next-cms-tina	transitive	@octokit/auth-app@2.11.0	prod
next-cms-tina	transitive	@octokit/auth-token@2.5.0	prod
next-cms-tina	transitive	@octokit/core@3.6.0	prod
next-cms-tina	transitive	@octokit/endpoint@6.0.12	prod
next-cms-tina	transitive	@octokit/graphql@4.8.0	prod
next-cms-tina	transitive	@octokit/openapi-types@12.11.0	prod
next-cms-tina	transitive	@octokit/plugin-paginate-rest@2.21.3	prod
next-cms-tina	transitive	@octokit/plugin-request-log@1.0.4	prod
next-cms-tina	transitive	@octokit/plugin-rest-endpoint-methods@4.2.0	prod
next-cms-tina	transitive	@octokit/request@5.6.3	prod
next-cms-tina	transitive	@octokit/request-error@2.1.0	prod
next-cms-tina	transitive	@octokit/rest@18.0.6	prod
next-cms-tina	transitive	@octokit/types@6.41.0	prod
next-cms-tina	transitive	@opentelemetry/api@	prod
next-cms-tina	transitive	@playwright/test@	prod
next-cms-tina	transitive	@popperjs/core@2.10.2	prod
next-cms-tina	transitive	@react-aria/combobox@3.16.1	prod
next-cms-tina	transitive	@react-aria/focus@3.22.1	prod
next-cms-tina	transitive	@react-aria/i18n@3.13.1	prod
next-cms-tina	transitive	@react-aria/interactions@3.28.1	prod
next-cms-tina	transitive	@react-aria/label@3.8.1	prod
next-cms-tina	transitive	@react-aria/listbox@3.3.0	prod
next-cms-tina	transitive	@react-aria/selection@3.28.1	prod
next-cms-tina	transitive	@react-aria/utils@3.34.1	prod
next-cms-tina	transitive	@react-hook/debounce@3.0.0	prod
next-cms-tina	transitive	@react-hook/event@1.2.6	prod
next-cms-tina	transitive	@react-hook/latest@1.0.3	prod
next-cms-tina	transitive	@react-hook/throttle@2.2.0	prod
next-cms-tina	transitive	@react-hook/window-size@3.1.1	prod
next-cms-tina	transitive	@react-spectrum/combobox@3.17.1	prod
next-cms-tina	transitive	@react-spectrum/listbox@3.16.1	prod
next-cms-tina	transitive	@react-spectrum/provider@	prod
next-cms-tina	transitive	@react-stately/collections@3.13.1	prod
next-cms-tina	transitive	@react-stately/combobox@3.14.1	prod
next-cms-tina	transitive	@react-stately/list@3.14.1	prod
next-cms-tina	transitive	@react-types/combobox@3.15.0	prod
next-cms-tina	transitive	@react-types/listbox@3.8.0	prod
next-cms-tina	transitive	@react-types/shared@3.36.1	prod
next-cms-tina	transitive	@remix-run/router@1.23.3	prod
next-cms-tina	transitive	@sambego/storybook-styles@1.0.0	prod
next-cms-tina	transitive	@spectrum-icons/ui@3.7.1	prod
next-cms-tina	transitive	@spectrum-icons/workflow@4.3.1	prod
next-cms-tina	transitive	@swc/helpers@0.5.15	prod
next-cms-tina	transitive	@tanstack/react-virtual@3.14.9	prod
next-cms-tina	transitive	@tanstack/virtual-core@3.17.7	prod
next-cms-tina	direct	@tinacms/cli@0.60.28	prod
next-cms-tina	transitive	@tinacms/datalayer@0.2.1	prod
next-cms-tina	transitive	@tinacms/graphql@0.61.3	prod
next-cms-tina	transitive	@tinacms/metrics@0.0.3	prod
next-cms-tina	transitive	@tinacms/schema-tools@0.0.8	prod
next-cms-tina	transitive	@tinacms/sharedctx@0.1.2	prod
next-cms-tina	transitive	@tinacms/toolkit@0.56.37	prod
next-cms-tina	transitive	@types/acorn@4.0.6	prod
next-cms-tina	transitive	@types/babel__core@7.20.5	prod
next-cms-tina	transitive	@types/babel__generator@7.27.0	prod
next-cms-tina	transitive	@types/babel__template@7.4.4	prod
next-cms-tina	transitive	@types/babel__traverse@7.28.0	prod
next-cms-tina	transitive	@types/debug@4.1.13	prod
next-cms-tina	transitive	@types/escape-html@1.0.4	prod
next-cms-tina	transitive	@types/estree@1.0.9	prod
next-cms-tina	transitive	@types/estree-jsx@1.0.5	prod
next-cms-tina	transitive	@types/graceful-fs@4.1.9	prod
next-cms-tina	transitive	@types/hast@2.3.10	prod
next-cms-tina	transitive	@types/hoist-non-react-statics@3.3.7	prod
next-cms-tina	transitive	@types/is-hotkey@0.1.10	prod
next-cms-tina	transitive	@types/istanbul-lib-coverage@2.0.6	prod
next-cms-tina	transitive	@types/istanbul-lib-report@3.0.3	prod
next-cms-tina	transitive	@types/istanbul-reports@3.0.4	prod
next-cms-tina	transitive	@types/jsonwebtoken@9.0.10	prod
next-cms-tina	transitive	@types/lodash@4.17.25	prod
next-cms-tina	transitive	@types/lru-cache@5.1.1	prod
next-cms-tina	transitive	@types/mdast@3.0.15	prod
next-cms-tina	transitive	@types/ms@2.1.0	prod
next-cms-tina	transitive	@types/node@26.2.0	prod
next-cms-tina	transitive	@types/parse5@6.0.3	prod
next-cms-tina	transitive	@types/react@19.2.18	prod
next-cms-tina	transitive	@types/react-redux@7.1.34	prod
next-cms-tina	transitive	@types/unist@2.0.11	prod
next-cms-tina	transitive	@types/yargs@15.0.20	prod
next-cms-tina	transitive	@types/yargs-parser@21.0.3	prod
next-cms-tina	transitive	@udecode/plate-autoformat@9.3.1	prod
next-cms-tina	transitive	@udecode/plate-basic-elements@9.3.1	prod
next-cms-tina	transitive	@udecode/plate-basic-marks@9.3.1	prod
next-cms-tina	transitive	@udecode/plate-block-quote@9.3.1	prod
next-cms-tina	transitive	@udecode/plate-break@9.3.1	prod
next-cms-tina	transitive	@udecode/plate-code-block@9.3.1	prod
next-cms-tina	transitive	@udecode/plate-combobox@9.3.1	prod
next-cms-tina	transitive	@udecode/plate-common@7.0.2	prod
next-cms-tina	transitive	@udecode/plate-core@9.3.1	prod
next-cms-tina	transitive	@udecode/plate-heading@9.3.1	prod
next-cms-tina	transitive	@udecode/plate-horizontal-rule@9.3.1	prod
next-cms-tina	transitive	@udecode/plate-image@9.3.1	prod
next-cms-tina	transitive	@udecode/plate-kbd@9.3.1	prod
next-cms-tina	transitive	@udecode/plate-link@9.3.1	prod
next-cms-tina	transitive	@udecode/plate-list@9.3.1	prod
next-cms-tina	transitive	@udecode/plate-node-id@9.3.1	prod
next-cms-tina	transitive	@udecode/plate-normalizers@9.3.1	prod
next-cms-tina	transitive	@udecode/plate-paragraph@9.3.1	prod
next-cms-tina	transitive	@udecode/plate-reset-node@9.3.1	prod
next-cms-tina	transitive	@udecode/plate-select@9.3.1	prod
next-cms-tina	transitive	@udecode/plate-styled-components@9.3.1	prod
next-cms-tina	transitive	@udecode/plate-table@9.3.1	prod
next-cms-tina	transitive	@udecode/plate-trailing-block@9.3.1	prod
next-cms-tina	transitive	@udecode/plate-ui-combobox@9.3.1	prod
next-cms-tina	transitive	@udecode/plate-ui-popper@9.3.1	prod
next-cms-tina	transitive	@udecode/zustood@0.4.4	prod
next-cms-tina	transitive	@whatwg-node/promise-helpers@1.3.2	prod
next-cms-tina	transitive	abort-controller@3.0.0	prod
next-cms-tina	transitive	abstract-leveldown@7.2.0	prod
next-cms-tina	transitive	accepts@1.3.8	prod
next-cms-tina	transitive	acorn@8.18.0	prod
next-cms-tina	transitive	acorn-jsx@5.3.2	prod
next-cms-tina	transitive	add@2.0.9	prod
next-cms-tina	transitive	ajv@6.15.0	prod
next-cms-tina	transitive	altair-express-middleware@4.0.6	prod
next-cms-tina	transitive	altair-static@4.6.4	prod
next-cms-tina	transitive	ansi-regex@5.0.1	prod
next-cms-tina	transitive	ansi-styles@4.3.0	prod
next-cms-tina	transitive	any-promise@1.3.0	dev
next-cms-tina	transitive	anymatch@3.1.3	prod
next-cms-tina	transitive	append-field@1.0.0	prod
next-cms-tina	transitive	arg@5.0.2	dev
next-cms-tina	transitive	argparse@1.0.10	prod
next-cms-tina	transitive	aria-hidden@1.2.6	prod
next-cms-tina	transitive	arr-diff@4.0.0	prod
next-cms-tina	transitive	arr-flatten@1.1.0	prod
next-cms-tina	transitive	arr-union@3.1.0	prod
next-cms-tina	transitive	array-flatten@1.1.1	prod
next-cms-tina	transitive	array-union@2.1.0	prod
next-cms-tina	transitive	array-unique@0.3.2	prod
next-cms-tina	transitive	asap@2.0.6	prod
next-cms-tina	transitive	assign-symbols@1.0.0	prod
next-cms-tina	transitive	async-lock@1.4.1	prod
next-cms-tina	transitive	at-least-node@1.0.0	prod
next-cms-tina	transitive	atob@2.1.2	prod
next-cms-tina	transitive	attr-accept@1.1.3	prod
next-cms-tina	transitive	auto-bind@4.0.0	prod
next-cms-tina	direct	autoprefixer@10.5.4	dev
next-cms-tina	transitive	available-typed-arrays@1.0.7	prod
next-cms-tina	transitive	axios@0.21.2	prod
next-cms-tina	transitive	babel-jest@26.6.3	prod
next-cms-tina	transitive	babel-plugin-istanbul@6.1.1	prod
next-cms-tina	transitive	babel-plugin-jest-hoist@26.6.2	prod
next-cms-tina	transitive	babel-plugin-react-compiler@	prod
next-cms-tina	transitive	babel-plugin-styled-components@2.3.0	prod
next-cms-tina	transitive	babel-plugin-syntax-trailing-function-commas@7.0.0-beta.0	prod
next-cms-tina	transitive	babel-preset-current-node-syntax@1.2.0	prod
next-cms-tina	transitive	babel-preset-fbjs@3.4.0	prod
next-cms-tina	transitive	babel-preset-jest@26.6.2	prod
next-cms-tina	transitive	bail@1.0.5	prod
next-cms-tina	transitive	balanced-match@1.0.2	prod
next-cms-tina	transitive	base@0.11.2	prod
next-cms-tina	transitive	base64-js@1.5.1	prod
next-cms-tina	transitive	baseline-browser-mapping@2.11.14	prod
next-cms-tina	transitive	before-after-hook@2.2.3	prod
next-cms-tina	transitive	binary-extensions@2.3.0	prod
next-cms-tina	transitive	body-parser@1.20.6	prod
next-cms-tina	transitive	brace-expansion@1.1.18	prod
next-cms-tina	transitive	braces@2.3.2	prod
next-cms-tina	transitive	browserslist@4.28.8	prod
next-cms-tina	transitive	bser@2.1.1	prod
next-cms-tina	transitive	buffer@6.0.3	prod
next-cms-tina	transitive	buffer-equal-constant-time@1.0.1	prod
next-cms-tina	transitive	buffer-from@1.1.2	prod
next-cms-tina	transitive	bufferutil@	prod
next-cms-tina	transitive	busboy@0.2.14	prod
next-cms-tina	transitive	bytes@3.1.2	prod
next-cms-tina	transitive	cache-base@1.0.1	prod
next-cms-tina	transitive	call-bind@1.0.9	prod
next-cms-tina	transitive	call-bind-apply-helpers@1.0.2	prod
next-cms-tina	transitive	call-bound@1.0.4	prod
next-cms-tina	transitive	camel-case@4.1.2	prod
next-cms-tina	transitive	camelcase@5.3.1	prod
next-cms-tina	transitive	camelcase-css@2.0.1	dev
next-cms-tina	transitive	camelize@1.0.1	prod
next-cms-tina	transitive	caniuse-lite@1.0.30001809	prod
next-cms-tina	transitive	capital-case@1.0.4	prod
next-cms-tina	transitive	capture-exit@2.0.0	prod
next-cms-tina	transitive	catering@2.1.1	prod
next-cms-tina	transitive	ccount@1.1.0	prod
next-cms-tina	transitive	chalk@4.1.2	prod
next-cms-tina	transitive	change-case@4.1.2	prod
next-cms-tina	transitive	change-case-all@1.0.15	prod
next-cms-tina	transitive	character-entities@2.0.2	prod
next-cms-tina	transitive	character-entities-html4@1.1.4	prod
next-cms-tina	transitive	character-entities-legacy@3.0.0	prod
next-cms-tina	transitive	character-reference-invalid@2.0.1	prod
next-cms-tina	transitive	chokidar@3.6.0	prod
next-cms-tina	transitive	ci-info@2.0.0	prod
next-cms-tina	transitive	class-utils@0.3.6	prod
next-cms-tina	direct	classnames@2.3.1	prod
next-cms-tina	transitive	clean-git-ref@2.0.1	prod
next-cms-tina	transitive	client-only@0.0.1	prod
next-cms-tina	transitive	cliui@6.0.0	prod
next-cms-tina	transitive	clsx@2.1.1	prod
next-cms-tina	transitive	collection-visit@1.0.0	prod
next-cms-tina	transitive	color-convert@2.0.1	prod
next-cms-tina	transitive	color-name@1.1.4	prod
next-cms-tina	transitive	color-string@1.9.1	prod
next-cms-tina	transitive	comma-separated-tokens@1.0.8	prod
next-cms-tina	transitive	commander@9.5.0	prod
next-cms-tina	transitive	common-tags@1.8.2	prod
next-cms-tina	transitive	component-emitter@1.3.1	prod
next-cms-tina	transitive	compute-scroll-into-view@1.0.20	prod
next-cms-tina	transitive	concat-map@0.0.1	prod
next-cms-tina	transitive	concat-stream@1.6.2	prod
next-cms-tina	transitive	constant-case@3.0.4	prod
next-cms-tina	transitive	content-disposition@0.5.4	prod
next-cms-tina	transitive	content-type@1.0.5	prod
next-cms-tina	transitive	convert-source-map@1.9.0	prod
next-cms-tina	transitive	cookie@0.7.2	prod
next-cms-tina	transitive	cookie-signature@1.0.7	prod
next-cms-tina	transitive	copy-descriptor@0.1.1	prod
next-cms-tina	transitive	core-js@2.6.12	prod
next-cms-tina	transitive	core-util-is@1.0.3	prod
next-cms-tina	transitive	cors@2.8.6	prod
next-cms-tina	transitive	crc-32@1.2.2	prod
next-cms-tina	transitive	create-react-class@15.7.0	prod
next-cms-tina	transitive	cross-fetch@3.2.0	prod
next-cms-tina	transitive	cross-inspect@1.0.1	prod
next-cms-tina	transitive	cross-spawn@6.0.6	prod
next-cms-tina	transitive	crypto-js@4.2.0	prod
next-cms-tina	transitive	css-box-model@1.2.1	prod
next-cms-tina	transitive	css-color-keywords@1.0.0	prod
next-cms-tina	transitive	css-to-react-native@3.2.0	prod
next-cms-tina	transitive	cssesc@3.0.0	dev
next-cms-tina	transitive	csstype@3.2.3	prod
next-cms-tina	transitive	dataloader@2.2.3	prod
next-cms-tina	direct	date-fns@2.29.3	prod
next-cms-tina	transitive	date-format@4.0.14	prod
next-cms-tina	transitive	debug@2.6.9	prod
next-cms-tina	transitive	decamelize@1.2.0	prod
next-cms-tina	transitive	decimal.js@10.6.0	prod
next-cms-tina	transitive	decode-named-character-reference@1.3.0	prod
next-cms-tina	transitive	decode-uri-component@0.2.2	prod
next-cms-tina	transitive	decompress-response@6.0.0	prod
next-cms-tina	transitive	deferred-leveldown@7.0.0	prod
next-cms-tina	transitive	define-data-property@1.1.4	prod
next-cms-tina	transitive	define-property@1.0.0	prod
next-cms-tina	transitive	depd@2.0.0	prod
next-cms-tina	transitive	dependency-graph@0.11.0	prod
next-cms-tina	transitive	deprecation@2.3.1	prod
next-cms-tina	transitive	dequal@2.0.3	prod
next-cms-tina	transitive	destroy@1.2.0	prod
next-cms-tina	transitive	detect-libc@2.1.2	prod
next-cms-tina	transitive	dicer@0.2.5	prod
next-cms-tina	transitive	didyoumean@1.2.2	dev
next-cms-tina	transitive	diff@5.2.2	prod
next-cms-tina	transitive	diff3@0.0.3	prod
next-cms-tina	transitive	dir-glob@3.0.1	prod
next-cms-tina	transitive	direction@1.0.4	prod
next-cms-tina	transitive	dlv@1.1.3	dev
next-cms-tina	transitive	dom-helpers@5.2.1	prod
next-cms-tina	transitive	dot-case@3.0.4	prod
next-cms-tina	transitive	dotenv@16.6.1	prod
next-cms-tina	transitive	downshift@6.1.7	prod
next-cms-tina	transitive	dunder-proto@1.0.1	prod
next-cms-tina	transitive	ecdsa-sig-formatter@1.0.11	prod
next-cms-tina	transitive	ee-first@1.1.1	prod
next-cms-tina	transitive	electron-to-chromium@1.5.405	prod
next-cms-tina	transitive	emoji-regex@8.0.0	prod
next-cms-tina	transitive	encodeurl@2.0.0	prod
next-cms-tina	transitive	encoding@	prod
next-cms-tina	transitive	encoding-down@7.1.0	prod
next-cms-tina	transitive	end-of-stream@1.4.5	prod
next-cms-tina	transitive	es-define-property@1.0.1	prod
next-cms-tina	transitive	es-errors@1.3.0	prod
next-cms-tina	transitive	es-object-atoms@1.1.2	prod
next-cms-tina	transitive	esbuild@0.14.54	prod
next-cms-tina	transitive	esbuild-android-64@	prod
next-cms-tina	transitive	esbuild-android-arm64@	prod
next-cms-tina	transitive	esbuild-darwin-64@	prod
next-cms-tina	transitive	esbuild-darwin-arm64@	prod
next-cms-tina	transitive	esbuild-freebsd-64@	prod
next-cms-tina	transitive	esbuild-freebsd-arm64@	prod
next-cms-tina	transitive	esbuild-jest@0.5.0	prod
next-cms-tina	transitive	esbuild-linux-32@	prod
next-cms-tina	transitive	esbuild-linux-64@0.14.54	prod
next-cms-tina	transitive	esbuild-linux-arm@	prod
next-cms-tina	transitive	esbuild-linux-arm64@	prod
next-cms-tina	transitive	esbuild-linux-mips64le@	prod
next-cms-tina	transitive	esbuild-linux-ppc64le@	prod
next-cms-tina	transitive	esbuild-linux-riscv64@	prod
next-cms-tina	transitive	esbuild-linux-s390x@	prod
next-cms-tina	transitive	esbuild-netbsd-64@	prod
next-cms-tina	transitive	esbuild-openbsd-64@	prod
next-cms-tina	transitive	esbuild-sunos-64@	prod
next-cms-tina	transitive	esbuild-windows-32@	prod
next-cms-tina	transitive	esbuild-windows-64@	prod
next-cms-tina	transitive	esbuild-windows-arm64@	prod
next-cms-tina	transitive	escalade@3.2.0	prod
next-cms-tina	transitive	escape-html@1.0.3	prod
next-cms-tina	transitive	escape-string-regexp@1.0.5	prod
next-cms-tina	transitive	esm@3.2.25	prod
next-cms-tina	transitive	esprima@4.0.1	prod
next-cms-tina	transitive	estree-util-is-identifier-name@2.1.0	prod
next-cms-tina	transitive	estree-util-visit@1.2.1	prod
next-cms-tina	transitive	estree-walker@3.0.3	prod
next-cms-tina	transitive	etag@1.8.1	prod
next-cms-tina	transitive	event-target-shim@5.0.1	prod
next-cms-tina	transitive	events@3.3.0	prod
next-cms-tina	transitive	exec-sh@0.3.6	prod
next-cms-tina	transitive	execa@1.0.0	prod
next-cms-tina	transitive	expand-brackets@2.1.4	prod
next-cms-tina	transitive	express@4.22.2	prod
next-cms-tina	transitive	extend@3.0.2	prod
next-cms-tina	transitive	extend-shallow@2.0.1	prod
next-cms-tina	transitive	extglob@2.0.4	prod
next-cms-tina	transitive	fast-deep-equal@3.1.3	prod
next-cms-tina	transitive	fast-glob@3.3.3	prod
next-cms-tina	transitive	fast-json-stable-stringify@2.1.0	prod
next-cms-tina	transitive	fastq@1.20.1	prod
next-cms-tina	transitive	fault@1.0.4	prod
next-cms-tina	transitive	fb-watchman@2.0.2	prod
next-cms-tina	transitive	fbjs@3.0.5	prod
next-cms-tina	transitive	fbjs-css-vars@1.0.2	prod
next-cms-tina	transitive	fdir@6.5.0	dev
next-cms-tina	transitive	fetch-ponyfill@7.1.0	prod
next-cms-tina	transitive	file-selector@0.1.19	prod
next-cms-tina	transitive	fill-range@4.0.0	prod
next-cms-tina	transitive	final-form@4.20.1	prod
next-cms-tina	transitive	final-form-arrays@3.1.0	prod
next-cms-tina	transitive	final-form-set-field-data@1.0.2	prod
next-cms-tina	transitive	finalhandler@1.3.2	prod
next-cms-tina	transitive	find-up@4.1.0	prod
next-cms-tina	transitive	flat@5.0.2	prod
next-cms-tina	transitive	flatted@3.4.4	prod
next-cms-tina	transitive	follow-redirects@1.16.0	prod
next-cms-tina	transitive	for-each@0.3.5	prod
next-cms-tina	transitive	for-in@1.0.2	prod
next-cms-tina	transitive	format@0.2.2	prod
next-cms-tina	transitive	forwarded@0.2.0	prod
next-cms-tina	transitive	fraction.js@5.3.4	dev
next-cms-tina	transitive	fragment-cache@0.2.1	prod
next-cms-tina	transitive	fresh@0.5.2	prod
next-cms-tina	transitive	fs-extra@9.1.0	prod
next-cms-tina	transitive	fs.realpath@1.0.0	prod
next-cms-tina	transitive	fsevents@	prod
next-cms-tina	transitive	function-bind@1.1.2	prod
next-cms-tina	transitive	functional-red-black-tree@1.0.1	prod
next-cms-tina	transitive	gensync@1.0.0-beta.2	prod
next-cms-tina	transitive	get-caller-file@2.0.5	prod
next-cms-tina	transitive	get-intrinsic@1.3.0	prod
next-cms-tina	transitive	get-package-type@0.1.0	prod
next-cms-tina	transitive	get-proto@1.0.1	prod
next-cms-tina	transitive	get-stream@4.1.0	prod
next-cms-tina	transitive	get-value@2.0.6	prod
next-cms-tina	transitive	glob@7.2.3	prod
next-cms-tina	transitive	glob-parent@6.0.2	prod
next-cms-tina	transitive	globby@11.1.0	prod
next-cms-tina	transitive	gopd@1.2.0	prod
next-cms-tina	transitive	graceful-fs@4.2.11	prod
next-cms-tina	transitive	graphql@15.10.2	prod
next-cms-tina	transitive	graphql-tag@2.12.7	prod
next-cms-tina	transitive	graphql-type-json@0.3.2	prod
next-cms-tina	direct	gray-matter@4.0.3	prod
next-cms-tina	transitive	has-flag@4.0.0	prod
next-cms-tina	transitive	has-property-descriptors@1.0.2	prod
next-cms-tina	transitive	has-symbols@1.1.0	prod
next-cms-tina	transitive	has-tostringtag@1.0.2	prod
next-cms-tina	transitive	has-value@1.0.0	prod
next-cms-tina	transitive	has-values@1.0.0	prod
next-cms-tina	transitive	hasown@2.0.4	prod
next-cms-tina	transitive	hast-util-embedded@1.0.6	prod
next-cms-tina	transitive	hast-util-from-parse5@7.1.2	prod
next-cms-tina	transitive	hast-util-has-property@1.0.4	prod
next-cms-tina	transitive	hast-util-is-body-ok-link@1.0.4	prod
next-cms-tina	transitive	hast-util-is-element@1.1.0	prod
next-cms-tina	transitive	hast-util-parse-selector@3.1.1	prod
next-cms-tina	transitive	hast-util-phrasing@1.0.5	prod
next-cms-tina	transitive	hast-util-raw@7.2.3	prod
next-cms-tina	transitive	hast-util-sanitize@4.1.0	prod
next-cms-tina	transitive	hast-util-to-html@7.1.3	prod
next-cms-tina	transitive	hast-util-to-parse5@7.1.0	prod
next-cms-tina	transitive	hast-util-whitespace@1.0.4	prod
next-cms-tina	transitive	hastscript@7.2.0	prod
next-cms-tina	transitive	header-case@2.0.4	prod
next-cms-tina	transitive	hoist-non-react-statics@3.3.2	prod
next-cms-tina	transitive	html-void-elements@1.0.5	prod
next-cms-tina	transitive	html-whitespace-sensitive-tag-names@1.0.3	prod
next-cms-tina	transitive	http-errors@2.0.1	prod
next-cms-tina	transitive	iconv-lite@0.4.24	prod
next-cms-tina	transitive	ieee754@1.2.1	prod
next-cms-tina	transitive	ignore@5.3.2	prod
next-cms-tina	transitive	immer@9.0.6	prod
next-cms-tina	transitive	immutable@3.7.6	prod
next-cms-tina	transitive	import-from@4.0.0	prod
next-cms-tina	transitive	imurmurhash@0.1.4	prod
next-cms-tina	transitive	inflight@1.0.6	prod
next-cms-tina	transitive	inherits@2.0.4	prod
next-cms-tina	transitive	ini@3.0.1	prod
next-cms-tina	transitive	intl-messageformat@10.7.18	prod
next-cms-tina	transitive	invariant@2.2.4	prod
next-cms-tina	transitive	ipaddr.js@1.9.1	prod
next-cms-tina	transitive	is-absolute@1.0.0	prod
next-cms-tina	transitive	is-accessor-descriptor@1.0.2	prod
next-cms-tina	transitive	is-alphabetical@2.0.1	prod
next-cms-tina	transitive	is-alphanumeric@1.0.0	prod
next-cms-tina	transitive	is-alphanumerical@2.0.1	prod
next-cms-tina	transitive	is-arrayish@0.3.4	prod
next-cms-tina	transitive	is-binary-path@2.1.0	prod
next-cms-tina	transitive	is-buffer@2.0.5	prod
next-cms-tina	transitive	is-callable@1.2.7	prod
next-cms-tina	transitive	is-ci@2.0.0	prod
next-cms-tina	transitive	is-core-module@2.16.2	dev
next-cms-tina	transitive	is-data-descriptor@1.0.1	prod
next-cms-tina	transitive	is-decimal@2.0.1	prod
next-cms-tina	transitive	is-descriptor@1.0.4	prod
next-cms-tina	transitive	is-extendable@1.0.1	prod
next-cms-tina	transitive	is-extglob@2.1.1	prod
next-cms-tina	transitive	is-fullwidth-code-point@3.0.0	prod
next-cms-tina	transitive	is-glob@4.0.3	prod
next-cms-tina	transitive	is-hexadecimal@2.0.1	prod
next-cms-tina	transitive	is-hotkey@0.1.8	prod
next-cms-tina	transitive	is-lower-case@2.0.2	prod
next-cms-tina	transitive	is-number@3.0.0	prod
next-cms-tina	transitive	is-plain-obj@2.1.0	prod
next-cms-tina	transitive	is-plain-object@5.0.0	prod
next-cms-tina	transitive	is-relative@1.0.0	prod
next-cms-tina	transitive	is-stream@1.1.0	prod
next-cms-tina	transitive	is-typed-array@1.1.15	prod
next-cms-tina	transitive	is-typedarray@1.0.0	prod
next-cms-tina	transitive	is-unc-path@1.0.0	prod
next-cms-tina	transitive	is-upper-case@2.0.2	prod
next-cms-tina	transitive	is-whitespace-character@1.0.4	prod
next-cms-tina	transitive	is-windows@1.0.2	prod
next-cms-tina	transitive	isarray@2.0.5	prod
next-cms-tina	transitive	isexe@2.0.0	prod
next-cms-tina	transitive	isobject@3.0.1	prod
next-cms-tina	transitive	isomorphic-fetch@3.0.0	prod
next-cms-tina	transitive	isomorphic-git@1.41.4	prod
next-cms-tina	transitive	istanbul-lib-coverage@3.2.2	prod
next-cms-tina	transitive	istanbul-lib-instrument@5.2.1	prod
next-cms-tina	transitive	jest-haste-map@26.6.2	prod
next-cms-tina	transitive	jest-regex-util@26.0.0	prod
next-cms-tina	transitive	jest-serializer@26.6.2	prod
next-cms-tina	transitive	jest-util@26.6.2	prod
next-cms-tina	transitive	jest-worker@26.6.2	prod
next-cms-tina	transitive	jiti@1.21.7	dev
next-cms-tina	transitive	js-tokens@4.0.0	prod
next-cms-tina	transitive	js-yaml@3.15.1	prod
next-cms-tina	transitive	jsesc@3.1.0	prod
next-cms-tina	transitive	json-schema-traverse@0.4.1	prod
next-cms-tina	transitive	json5@2.2.3	prod
next-cms-tina	transitive	jsonfile@6.2.1	prod
next-cms-tina	transitive	jsonpath-plus@6.0.1	prod
next-cms-tina	transitive	jsonwebtoken@9.0.3	prod
next-cms-tina	transitive	jwa@2.0.1	prod
next-cms-tina	transitive	jws@4.0.1	prod
next-cms-tina	transitive	kind-of@3.2.2	prod
next-cms-tina	transitive	kleur@4.1.5	prod
next-cms-tina	transitive	level@7.0.1	prod
next-cms-tina	transitive	level-codec@10.0.0	prod
next-cms-tina	transitive	level-concat-iterator@3.1.0	prod
next-cms-tina	transitive	level-errors@3.0.1	prod
next-cms-tina	transitive	level-iterator-stream@5.0.0	prod
next-cms-tina	transitive	level-js@6.1.0	prod
next-cms-tina	transitive	level-packager@6.0.1	prod
next-cms-tina	transitive	level-supports@2.1.0	prod
next-cms-tina	transitive	leveldown@6.1.1	prod
next-cms-tina	transitive	levelup@5.1.1	prod
next-cms-tina	transitive	lilconfig@3.1.3	dev
next-cms-tina	transitive	lines-and-columns@1.2.4	dev
next-cms-tina	transitive	locate-path@5.0.0	prod
next-cms-tina	transitive	lodash@4.17.23	prod
next-cms-tina	transitive	lodash-es@4.18.1	prod
next-cms-tina	transitive	lodash.get@4.4.2	prod
next-cms-tina	transitive	lodash.includes@4.3.0	prod
next-cms-tina	transitive	lodash.isboolean@3.0.3	prod
next-cms-tina	transitive	lodash.isinteger@4.0.4	prod
next-cms-tina	transitive	lodash.isnumber@3.0.3	prod
next-cms-tina	transitive	lodash.isplainobject@4.0.6	prod
next-cms-tina	transitive	lodash.isstring@4.0.1	prod
next-cms-tina	transitive	lodash.once@4.1.1	prod
next-cms-tina	transitive	lodash.set@4.3.2	prod
next-cms-tina	transitive	log4js@6.9.1	prod
next-cms-tina	transitive	longest-streak@3.1.0	prod
next-cms-tina	transitive	loose-envify@1.4.0	prod
next-cms-tina	transitive	lower-case@2.0.2	prod
next-cms-tina	transitive	lower-case-first@2.0.2	prod
next-cms-tina	transitive	lru-cache@6.0.0	prod
next-cms-tina	transitive	ltgt@2.2.1	prod
next-cms-tina	transitive	makeerror@1.0.12	prod
next-cms-tina	transitive	map-cache@0.2.2	prod
next-cms-tina	transitive	map-visit@1.0.0	prod
next-cms-tina	transitive	markdown-escapes@1.0.4	prod
next-cms-tina	transitive	markdown-table@2.0.0	prod
next-cms-tina	transitive	material-colors@1.2.6	prod
next-cms-tina	transitive	math-intrinsics@1.1.0	prod
next-cms-tina	transitive	mdast@3.0.0	prod
next-cms-tina	transitive	mdast-util-compact@2.0.1	prod
next-cms-tina	transitive	mdast-util-definitions@4.0.0	prod
next-cms-tina	transitive	mdast-util-from-markdown@1.3.1	prod
next-cms-tina	transitive	mdast-util-frontmatter@0.2.0	prod
next-cms-tina	transitive	mdast-util-mdx@1.1.0	prod
next-cms-tina	transitive	mdast-util-mdx-expression@1.3.2	prod
next-cms-tina	transitive	mdast-util-mdx-jsx@1.2.0	prod
next-cms-tina	transitive	mdast-util-mdxjs-esm@1.3.1	prod
next-cms-tina	transitive	mdast-util-phrasing@3.0.1	prod
next-cms-tina	transitive	mdast-util-to-hast@10.2.0	prod
next-cms-tina	transitive	mdast-util-to-markdown@1.5.0	prod
next-cms-tina	transitive	mdast-util-to-string@3.2.0	prod
next-cms-tina	transitive	mdurl@1.0.1	prod
next-cms-tina	transitive	media-typer@0.3.0	prod
next-cms-tina	transitive	memdown@6.1.1	prod
next-cms-tina	transitive	memoize-one@5.2.1	prod
next-cms-tina	transitive	merge-descriptors@1.0.3	prod
next-cms-tina	transitive	merge-stream@2.0.0	prod
next-cms-tina	transitive	merge2@1.4.1	prod
next-cms-tina	transitive	methods@1.1.2	prod
next-cms-tina	transitive	micromark@3.2.0	prod
next-cms-tina	transitive	micromark-core-commonmark@1.1.0	prod
next-cms-tina	transitive	micromark-extension-frontmatter@0.2.2	prod
next-cms-tina	transitive	micromark-extension-mdx-expression@1.0.8	prod
next-cms-tina	transitive	micromark-extension-mdx-jsx@1.0.5	prod
next-cms-tina	transitive	micromark-extension-mdx-md@1.0.1	prod
next-cms-tina	transitive	micromark-extension-mdxjs@1.0.1	prod
next-cms-tina	transitive	micromark-extension-mdxjs-esm@1.0.5	prod
next-cms-tina	transitive	micromark-factory-destination@1.1.0	prod
next-cms-tina	transitive	micromark-factory-label@1.1.0	prod
next-cms-tina	transitive	micromark-factory-mdx-expression@1.0.9	prod
next-cms-tina	transitive	micromark-factory-space@1.1.0	prod
next-cms-tina	transitive	micromark-factory-title@1.1.0	prod
next-cms-tina	transitive	micromark-factory-whitespace@1.1.0	prod
next-cms-tina	transitive	micromark-util-character@1.2.0	prod
next-cms-tina	transitive	micromark-util-chunked@1.1.0	prod
next-cms-tina	transitive	micromark-util-classify-character@1.1.0	prod
next-cms-tina	transitive	micromark-util-combine-extensions@1.1.0	prod
next-cms-tina	transitive	micromark-util-decode-numeric-character-reference@1.1.0	prod
next-cms-tina	transitive	micromark-util-decode-string@1.1.0	prod
next-cms-tina	transitive	micromark-util-encode@1.1.0	prod
next-cms-tina	transitive	micromark-util-events-to-acorn@1.2.3	prod
next-cms-tina	transitive	micromark-util-html-tag-name@1.2.0	prod
next-cms-tina	transitive	micromark-util-normalize-identifier@1.1.0	prod
next-cms-tina	transitive	micromark-util-resolve-all@1.1.0	prod
next-cms-tina	transitive	micromark-util-sanitize-uri@1.2.0	prod
next-cms-tina	transitive	micromark-util-subtokenize@1.1.0	prod
next-cms-tina	transitive	micromark-util-symbol@1.1.0	prod
next-cms-tina	transitive	micromark-util-types@1.1.0	prod
next-cms-tina	transitive	micromatch@4.0.8	prod
next-cms-tina	transitive	mime@1.6.0	prod
next-cms-tina	transitive	mime-db@1.52.0	prod
next-cms-tina	transitive	mime-types@2.1.35	prod
next-cms-tina	transitive	mimic-response@3.1.0	prod
next-cms-tina	transitive	minimatch@3.1.5	prod
next-cms-tina	transitive	minimist@1.2.8	prod
next-cms-tina	transitive	minimisted@2.0.1	prod
next-cms-tina	transitive	mixin-deep@1.3.2	prod
next-cms-tina	transitive	mkdirp@0.5.6	prod
next-cms-tina	transitive	moment@2.30.1	prod
next-cms-tina	transitive	mri@1.2.0	prod
next-cms-tina	transitive	ms@2.1.3	prod
next-cms-tina	transitive	multer@1.4.4	prod
next-cms-tina	transitive	mz@2.7.0	dev
next-cms-tina	transitive	nanoclone@0.2.1	prod
next-cms-tina	transitive	nanoid@3.3.18	prod
next-cms-tina	transitive	nanomatch@1.2.13	prod
next-cms-tina	transitive	napi-macros@2.0.0	prod
next-cms-tina	transitive	negotiator@0.6.3	prod
next-cms-tina	direct	next@16.3.0	prod
next-cms-tina	transitive	nice-try@1.0.5	prod
next-cms-tina	transitive	no-case@3.0.4	prod
next-cms-tina	transitive	node-fetch@2.7.0	prod
next-cms-tina	transitive	node-gyp-build@4.8.4	prod
next-cms-tina	transitive	node-int64@0.4.0	prod
next-cms-tina	transitive	node-releases@2.0.53	prod
next-cms-tina	transitive	normalize-path@2.1.1	prod
next-cms-tina	transitive	npm-run-path@2.0.2	prod
next-cms-tina	transitive	nullthrows@1.1.1	prod
next-cms-tina	transitive	object-assign@4.1.1	prod
next-cms-tina	transitive	object-copy@0.1.0	prod
next-cms-tina	transitive	object-hash@3.0.0	dev
next-cms-tina	transitive	object-inspect@1.13.4	prod
next-cms-tina	transitive	object-visit@1.0.1	prod
next-cms-tina	transitive	object.pick@1.3.0	prod
next-cms-tina	transitive	on-finished@2.4.1	prod
next-cms-tina	transitive	once@1.4.0	prod
next-cms-tina	transitive	p-finally@1.0.0	prod
next-cms-tina	transitive	p-limit@3.1.0	prod
next-cms-tina	transitive	p-locate@4.1.0	prod
next-cms-tina	transitive	p-try@2.2.0	prod
next-cms-tina	transitive	pako@1.0.11	prod
next-cms-tina	transitive	param-case@3.0.4	prod
next-cms-tina	transitive	parse-entities@4.0.2	prod
next-cms-tina	transitive	parse-filepath@1.0.2	prod
next-cms-tina	transitive	parse5@6.0.1	prod
next-cms-tina	transitive	parseurl@1.3.3	prod
next-cms-tina	transitive	pascal-case@3.1.2	prod
next-cms-tina	transitive	pascalcase@0.1.1	prod
next-cms-tina	transitive	path-case@3.0.4	prod
next-cms-tina	transitive	path-exists@4.0.0	prod
next-cms-tina	transitive	path-is-absolute@1.0.1	prod
next-cms-tina	transitive	path-key@2.0.1	prod
next-cms-tina	transitive	path-parse@1.0.7	dev
next-cms-tina	transitive	path-root@0.1.1	prod
next-cms-tina	transitive	path-root-regex@0.1.2	prod
next-cms-tina	transitive	path-to-regexp@0.1.13	prod
next-cms-tina	transitive	path-type@4.0.0	prod
next-cms-tina	transitive	picocolors@1.1.1	prod
next-cms-tina	transitive	picomatch@2.3.2	prod
next-cms-tina	transitive	pify@4.0.1	prod
next-cms-tina	transitive	pirates@4.0.7	prod
next-cms-tina	transitive	posix-character-classes@0.1.1	prod
next-cms-tina	transitive	possible-typed-array-names@1.1.0	prod
next-cms-tina	direct	postcss@8.5.26	prod
next-cms-tina	transitive	postcss-import@15.1.0	dev
next-cms-tina	transitive	postcss-js@4.1.0	dev
next-cms-tina	transitive	postcss-load-config@6.0.1	dev
next-cms-tina	transitive	postcss-nested@6.2.0	dev
next-cms-tina	transitive	postcss-selector-parser@6.1.4	dev
next-cms-tina	transitive	postcss-value-parser@4.2.0	prod
next-cms-tina	transitive	prettier@2.8.8	prod
next-cms-tina	transitive	prismjs@1.30.0	prod
next-cms-tina	transitive	process@0.11.10	prod
next-cms-tina	transitive	process-nextick-args@2.0.1	prod
next-cms-tina	transitive	progress@2.0.3	prod
next-cms-tina	transitive	promise@7.3.1	prod
next-cms-tina	transitive	prompts@2.4.2	prod
next-cms-tina	transitive	prop-types@15.7.2	prod
next-cms-tina	transitive	property-expr@2.0.6	prod
next-cms-tina	transitive	property-information@5.6.0	prod
next-cms-tina	transitive	proxy-addr@2.0.7	prod
next-cms-tina	transitive	pump@3.0.4	prod
next-cms-tina	transitive	punycode@2.3.1	prod
next-cms-tina	transitive	qs@6.15.3	prod
next-cms-tina	transitive	queue-microtask@1.2.3	prod
next-cms-tina	transitive	raf-schd@4.0.3	prod
next-cms-tina	transitive	range-parser@1.2.1	prod
next-cms-tina	transitive	raw-body@2.5.3	prod
next-cms-tina	direct	react@18.3.1	prod
next-cms-tina	transitive	react-aria@3.51.0	prod
next-cms-tina	transitive	react-aria-components@1.20.0	prod
next-cms-tina	transitive	react-beautiful-dnd@13.1.1	prod
next-cms-tina	transitive	react-color@2.19.3	prod
next-cms-tina	transitive	react-datetime@2.16.3	prod
next-cms-tina	direct	react-dom@18.3.1	prod
next-cms-tina	transitive	react-dropzone@10.1.8	prod
next-cms-tina	transitive	react-fast-compare@3.2.2	prod
next-cms-tina	transitive	react-final-form@6.5.9	prod
next-cms-tina	transitive	react-icons@4.12.0	prod
next-cms-tina	transitive	react-is@16.13.1	prod
next-cms-tina	transitive	react-onclickoutside@6.13.2	prod
next-cms-tina	transitive	react-popper@2.2.5	prod
next-cms-tina	transitive	react-redux@7.2.9	prod
next-cms-tina	transitive	react-router@6.30.4	prod
next-cms-tina	transitive	react-router-dom@6.30.4	prod
next-cms-tina	transitive	react-stately@3.49.0	prod
next-cms-tina	transitive	react-transition-group@4.4.5	prod
next-cms-tina	transitive	reactcss@1.2.3	prod
next-cms-tina	transitive	read-cache@1.0.0	dev
next-cms-tina	transitive	readable-stream@4.7.0	prod
next-cms-tina	transitive	readdirp@3.6.0	prod
next-cms-tina	transitive	redux@4.2.1	prod
next-cms-tina	transitive	regex-not@1.0.2	prod
next-cms-tina	transitive	rehype-format@3.1.0	prod
next-cms-tina	transitive	rehype-minify-whitespace@4.0.5	prod
next-cms-tina	transitive	rehype-stringify@8.0.0	prod
next-cms-tina	transitive	relay-runtime@12.0.0	prod
next-cms-tina	direct	remark@14.0.2	prod
next-cms-tina	transitive	remark-frontmatter@3.0.0	prod
next-cms-tina	direct	remark-html@15.0.1	prod
next-cms-tina	transitive	remark-mdx@2.0.0-rc.2	prod
next-cms-tina	transitive	remark-parse@10.0.2	prod
next-cms-tina	transitive	remark-rehype@8.1.0	prod
next-cms-tina	transitive	remark-slate@1.8.6	prod
next-cms-tina	transitive	remark-stringify@8.1.1	prod
next-cms-tina	transitive	remove-trailing-separator@1.1.0	prod
next-cms-tina	transitive	repeat-element@1.1.4	prod
next-cms-tina	transitive	repeat-string@1.6.1	prod
next-cms-tina	transitive	require-directory@2.1.1	prod
next-cms-tina	transitive	require-main-filename@2.0.0	prod
next-cms-tina	transitive	resolve@1.22.12	dev
next-cms-tina	transitive	resolve-from@5.0.0	prod
next-cms-tina	transitive	resolve-url@0.2.1	prod
next-cms-tina	transitive	ret@0.1.15	prod
next-cms-tina	transitive	reusify@1.1.0	prod
next-cms-tina	transitive	rfdc@1.4.1	prod
next-cms-tina	transitive	rsvp@4.8.5	prod
next-cms-tina	transitive	run-parallel@1.2.0	prod
next-cms-tina	transitive	run-parallel-limit@1.1.0	prod
next-cms-tina	transitive	sade@1.8.1	prod
next-cms-tina	transitive	safe-buffer@5.2.1	prod
next-cms-tina	transitive	safe-regex@1.1.0	prod
next-cms-tina	transitive	safer-buffer@2.1.2	prod
next-cms-tina	transitive	sane@4.1.0	prod
next-cms-tina	transitive	sass@	prod
next-cms-tina	transitive	scheduler@0.23.2	prod
next-cms-tina	transitive	scroll-into-view-if-needed@2.2.31	prod
next-cms-tina	transitive	section-matter@1.0.0	prod
next-cms-tina	transitive	semver@7.8.5	prod
next-cms-tina	transitive	send@0.19.2	prod
next-cms-tina	transitive	sentence-case@3.0.4	prod
next-cms-tina	transitive	serve-static@1.16.3	prod
next-cms-tina	transitive	set-blocking@2.0.0	prod
next-cms-tina	transitive	set-function-length@1.2.2	prod
next-cms-tina	transitive	set-value@2.0.1	prod
next-cms-tina	transitive	setimmediate@1.0.5	prod
next-cms-tina	transitive	setprototypeof@1.2.0	prod
next-cms-tina	transitive	sha.js@2.4.12	prod
next-cms-tina	transitive	shallowequal@1.1.0	prod
next-cms-tina	transitive	sharp@0.35.3	prod
next-cms-tina	transitive	shebang-command@1.2.0	prod
next-cms-tina	transitive	shebang-regex@1.0.0	prod
next-cms-tina	transitive	side-channel@1.1.1	prod
next-cms-tina	transitive	side-channel-list@1.0.1	prod
next-cms-tina	transitive	side-channel-map@1.0.1	prod
next-cms-tina	transitive	side-channel-weakmap@1.0.2	prod
next-cms-tina	transitive	signal-exit@3.0.7	prod
next-cms-tina	transitive	signedsource@1.0.0	prod
next-cms-tina	transitive	simple-concat@1.0.1	prod
next-cms-tina	transitive	simple-get@4.0.1	prod
next-cms-tina	transitive	simple-swizzle@0.2.4	prod
next-cms-tina	transitive	sisteransi@1.0.5	prod
next-cms-tina	transitive	slash@3.0.0	prod
next-cms-tina	transitive	slate@0.66.5	prod
next-cms-tina	transitive	slate-history@0.66.0	prod
next-cms-tina	transitive	slate-hyperscript@0.66.0	prod
next-cms-tina	transitive	slate-react@0.66.7	prod
next-cms-tina	transitive	snake-case@3.0.4	prod
next-cms-tina	transitive	snapdragon@0.8.2	prod
next-cms-tina	transitive	snapdragon-node@2.1.1	prod
next-cms-tina	transitive	snapdragon-util@3.0.1	prod
next-cms-tina	transitive	source-map@0.5.7	prod
next-cms-tina	transitive	source-map-js@1.2.1	prod
next-cms-tina	transitive	source-map-resolve@0.5.3	prod
next-cms-tina	transitive	source-map-url@0.4.1	prod
next-cms-tina	transitive	space-separated-tokens@1.1.5	prod
next-cms-tina	transitive	split-string@3.1.0	prod
next-cms-tina	transitive	sponge-case@1.0.1	prod
next-cms-tina	transitive	sprintf-js@1.0.3	prod
next-cms-tina	transitive	state-toggle@1.0.3	prod
next-cms-tina	transitive	static-extend@0.1.2	prod
next-cms-tina	transitive	statuses@2.0.2	prod
next-cms-tina	transitive	streamroller@3.1.5	prod
next-cms-tina	transitive	streamsearch@0.1.2	prod
next-cms-tina	transitive	string-width@4.2.3	prod
next-cms-tina	transitive	string_decoder@1.3.0	prod
next-cms-tina	transitive	stringify-entities@4.0.4	prod
next-cms-tina	transitive	strip-ansi@6.0.1	prod
next-cms-tina	transitive	strip-bom-string@1.0.0	prod
next-cms-tina	transitive	strip-eof@1.0.0	prod
next-cms-tina	direct	styled-components@5.3.11	prod
next-cms-tina	transitive	styled-jsx@5.1.6	prod
next-cms-tina	transitive	sucrase@3.35.1	dev
next-cms-tina	transitive	supports-color@7.2.0	prod
next-cms-tina	transitive	supports-preserve-symlinks-flag@1.0.0	dev
next-cms-tina	transitive	swap-case@2.0.2	prod
next-cms-tina	direct	tailwindcss@3.4.19	dev
next-cms-tina	transitive	test-exclude@6.0.0	prod
next-cms-tina	transitive	thenify@3.3.1	dev
next-cms-tina	transitive	thenify-all@1.6.0	dev
next-cms-tina	direct	tinacms@0.68.15	prod
next-cms-tina	transitive	tiny-invariant@1.3.3	prod
next-cms-tina	transitive	tiny-warning@1.0.3	prod
next-cms-tina	transitive	tinycolor2@1.6.0	prod
next-cms-tina	transitive	tinyglobby@0.2.17	dev
next-cms-tina	transitive	title-case@3.0.3	prod
next-cms-tina	transitive	tmpl@1.0.5	prod
next-cms-tina	transitive	to-buffer@1.2.2	prod
next-cms-tina	transitive	to-object-path@0.3.0	prod
next-cms-tina	transitive	to-regex@3.0.2	prod
next-cms-tina	transitive	to-regex-range@2.1.1	prod
next-cms-tina	transitive	toidentifier@1.0.1	prod
next-cms-tina	transitive	toposort@2.0.2	prod
next-cms-tina	transitive	tr46@0.0.3	prod
next-cms-tina	transitive	trim-lines@3.0.1	prod
next-cms-tina	transitive	trough@1.0.5	prod
next-cms-tina	transitive	ts-interface-checker@0.1.13	dev
next-cms-tina	transitive	tslib@2.4.1	prod
next-cms-tina	transitive	tsx@	dev
next-cms-tina	transitive	type-is@1.6.18	prod
next-cms-tina	transitive	typed-array-buffer@1.0.3	prod
next-cms-tina	transitive	typedarray@0.0.6	prod
next-cms-tina	transitive	typedarray-to-buffer@3.1.5	prod
next-cms-tina	transitive	ua-parser-js@1.0.41	prod
next-cms-tina	transitive	unc-path-regex@0.1.2	prod
next-cms-tina	transitive	undici-types@8.3.0	prod
next-cms-tina	transitive	unherit@1.1.3	prod
next-cms-tina	transitive	unified@9.2.2	prod
next-cms-tina	transitive	union-value@1.0.1	prod
next-cms-tina	transitive	unist-builder@2.0.3	prod
next-cms-tina	transitive	unist-util-generated@1.1.6	prod
next-cms-tina	transitive	unist-util-is@5.2.1	prod
next-cms-tina	transitive	unist-util-position@3.1.0	prod
next-cms-tina	transitive	unist-util-position-from-estree@1.1.2	prod
next-cms-tina	transitive	unist-util-remove-position@4.0.2	prod
next-cms-tina	transitive	unist-util-stringify-position@3.0.3	prod
next-cms-tina	transitive	unist-util-visit@4.1.2	prod
next-cms-tina	transitive	unist-util-visit-parents@3.1.1	prod
next-cms-tina	transitive	universal-github-app-jwt@1.2.0	prod
next-cms-tina	transitive	universal-user-agent@6.0.1	prod
next-cms-tina	transitive	universalify@2.0.1	prod
next-cms-tina	transitive	unixify@1.0.0	prod
next-cms-tina	transitive	unpipe@1.0.0	prod
next-cms-tina	transitive	unset-value@1.0.0	prod
next-cms-tina	transitive	update-browserslist-db@1.3.1	prod
next-cms-tina	transitive	upper-case@2.0.2	prod
next-cms-tina	transitive	upper-case-first@2.0.2	prod
next-cms-tina	transitive	uri-js@4.4.1	prod
next-cms-tina	transitive	urix@0.1.0	prod
next-cms-tina	transitive	url-pattern@1.0.3	prod
next-cms-tina	transitive	use@3.1.1	prod
next-cms-tina	transitive	use-deep-compare@1.1.0	prod
next-cms-tina	transitive	use-isomorphic-layout-effect@1.2.1	prod
next-cms-tina	transitive	use-memo-one@1.1.3	prod
next-cms-tina	transitive	use-sync-external-store@1.6.0	prod
next-cms-tina	transitive	utf-8-validate@	prod
next-cms-tina	transitive	util-deprecate@1.0.2	prod
next-cms-tina	transitive	utils-merge@1.0.1	prod
next-cms-tina	transitive	uvu@0.5.6	prod
next-cms-tina	transitive	value-or-promise@1.0.12	prod
next-cms-tina	transitive	vary@1.1.2	prod
next-cms-tina	transitive	vfile@4.2.1	prod
next-cms-tina	transitive	vfile-location@4.1.0	prod
next-cms-tina	transitive	vfile-message@3.1.4	prod
next-cms-tina	transitive	walker@1.0.8	prod
next-cms-tina	transitive	warning@4.0.3	prod
next-cms-tina	transitive	web-namespaces@2.0.1	prod
next-cms-tina	transitive	webfontloader@1.6.28	prod
next-cms-tina	transitive	webidl-conversions@3.0.1	prod
next-cms-tina	transitive	whatwg-fetch@3.6.20	prod
next-cms-tina	transitive	whatwg-url@5.0.0	prod
next-cms-tina	transitive	which@1.3.1	prod
next-cms-tina	transitive	which-module@2.0.1	prod
next-cms-tina	transitive	which-typed-array@1.1.22	prod
next-cms-tina	transitive	wrap-ansi@6.2.0	prod
next-cms-tina	transitive	wrappy@1.0.2	prod
next-cms-tina	transitive	write-file-atomic@3.0.3	prod
next-cms-tina	transitive	ws@7.5.13	prod
next-cms-tina	transitive	xtend@4.0.2	prod
next-cms-tina	transitive	y18n@4.0.3	prod
next-cms-tina	transitive	yallist@4.0.0	prod
next-cms-tina	transitive	yaml@	dev
next-cms-tina	transitive	yargs@15.4.1	prod
next-cms-tina	transitive	yargs-parser@18.1.3	prod
next-cms-tina	transitive	yarn@1.22.22	prod
next-cms-tina	transitive	yocto-queue@0.1.0	prod
next-cms-tina	transitive	yup@0.32.11	prod
next-cms-tina	transitive	zod@3.25.76	prod
next-cms-tina	transitive	zustand@3.6.7	prod
next-cms-tina	transitive	zwitch@2.0.4	prod
