next-default	transitive	@alloc/quick-lru@5.2.0	dev
next-default	transitive	@babel/code-frame@7.29.7	dev
next-default	transitive	@babel/compat-data@7.29.7	dev
next-default	transitive	@babel/core@7.29.7	dev
next-default	transitive	@babel/generator@7.29.8	dev
next-default	transitive	@babel/helper-compilation-targets@7.29.7	dev
next-default	transitive	@babel/helper-globals@7.29.7	dev
next-default	transitive	@babel/helper-module-imports@7.29.7	dev
next-default	transitive	@babel/helper-module-transforms@7.29.7	dev
next-default	transitive	@babel/helper-string-parser@7.29.7	dev
next-default	transitive	@babel/helper-validator-identifier@7.29.7	dev
next-default	transitive	@babel/helper-validator-option@7.29.7	dev
next-default	transitive	@babel/helpers@7.29.7	dev
next-default	transitive	@babel/parser@7.29.8	dev
next-default	transitive	@babel/template@7.29.7	dev
next-default	transitive	@babel/traverse@7.29.8	dev
next-default	transitive	@babel/types@7.29.8	dev
next-default	direct	@emnapi/core@1.10.0	prod
next-default	direct	@emnapi/runtime@1.11.3	prod
next-default	direct	@emnapi/wasi-threads@1.2.1	prod
next-default	transitive	@eslint-community/eslint-utils@4.9.1	dev
next-default	transitive	@eslint-community/regexpp@4.12.2	dev
next-default	transitive	@eslint/config-array@0.21.2	dev
next-default	transitive	@eslint/config-helpers@0.4.2	dev
next-default	transitive	@eslint/core@0.17.0	dev
next-default	transitive	@eslint/eslintrc@3.3.6	dev
next-default	transitive	@eslint/js@9.39.5	dev
next-default	transitive	@eslint/object-schema@2.1.7	dev
next-default	transitive	@eslint/plugin-kit@0.4.1	dev
next-default	transitive	@humanfs/core@0.19.2	dev
next-default	transitive	@humanfs/node@0.16.8	dev
next-default	transitive	@humanfs/types@0.15.0	dev
next-default	transitive	@humanwhocodes/module-importer@1.0.1	dev
next-default	transitive	@humanwhocodes/retry@0.4.3	dev
next-default	transitive	@img/colour@1.1.0	prod
next-default	transitive	@img/sharp-darwin-arm64@	prod
next-default	transitive	@img/sharp-darwin-x64@	prod
next-default	transitive	@img/sharp-freebsd-wasm32@	prod
next-default	transitive	@img/sharp-libvips-darwin-arm64@	prod
next-default	transitive	@img/sharp-libvips-darwin-x64@	prod
next-default	transitive	@img/sharp-libvips-linux-arm@	prod
next-default	transitive	@img/sharp-libvips-linux-arm64@	prod
next-default	transitive	@img/sharp-libvips-linux-ppc64@	prod
next-default	transitive	@img/sharp-libvips-linux-riscv64@	prod
next-default	transitive	@img/sharp-libvips-linux-s390x@	prod
next-default	transitive	@img/sharp-libvips-linux-x64@1.3.2	prod
next-default	transitive	@img/sharp-libvips-linuxmusl-arm64@	prod
next-default	transitive	@img/sharp-libvips-linuxmusl-x64@	prod
next-default	transitive	@img/sharp-linux-arm@	prod
next-default	transitive	@img/sharp-linux-arm64@	prod
next-default	transitive	@img/sharp-linux-ppc64@	prod
next-default	transitive	@img/sharp-linux-riscv64@	prod
next-default	transitive	@img/sharp-linux-s390x@	prod
next-default	transitive	@img/sharp-linux-x64@0.35.3	prod
next-default	transitive	@img/sharp-linuxmusl-arm64@	prod
next-default	transitive	@img/sharp-linuxmusl-x64@	prod
next-default	direct	@img/sharp-wasm32@0.35.3	prod
next-default	transitive	@img/sharp-webcontainers-wasm32@	prod
next-default	transitive	@img/sharp-win32-arm64@	prod
next-default	transitive	@img/sharp-win32-ia32@	prod
next-default	transitive	@img/sharp-win32-x64@	prod
next-default	transitive	@jridgewell/gen-mapping@0.3.13	dev
next-default	transitive	@jridgewell/remapping@2.3.5	dev
next-default	transitive	@jridgewell/resolve-uri@3.1.2	dev
next-default	transitive	@jridgewell/sourcemap-codec@1.5.5	dev
next-default	transitive	@jridgewell/trace-mapping@0.3.31	dev
next-default	direct	@napi-rs/wasm-runtime@1.2.3	prod
next-default	transitive	@next/env@16.3.0	prod
next-default	transitive	@next/eslint-plugin-next@16.3.0	dev
next-default	transitive	@next/swc-darwin-arm64@	prod
next-default	transitive	@next/swc-darwin-x64@	prod
next-default	transitive	@next/swc-linux-arm64-gnu@	prod
next-default	transitive	@next/swc-linux-arm64-musl@	prod
next-default	transitive	@next/swc-linux-x64-gnu@16.3.0	prod
next-default	transitive	@next/swc-linux-x64-musl@	prod
next-default	transitive	@next/swc-win32-arm64-msvc@	prod
next-default	transitive	@next/swc-win32-x64-msvc@	prod
next-default	transitive	@nodelib/fs.scandir@2.1.5	dev
next-default	transitive	@nodelib/fs.stat@2.0.5	dev
next-default	transitive	@nodelib/fs.walk@1.2.8	dev
next-default	transitive	@nolyfill/is-core-module@1.0.39	dev
next-default	transitive	@opentelemetry/api@	prod
next-default	transitive	@playwright/test@	prod
next-default	transitive	@rtsao/scc@1.1.0	dev
next-default	transitive	@swc/helpers@0.5.15	prod
next-default	transitive	@tailwindcss/node@4.3.3	dev
next-default	transitive	@tailwindcss/oxide@4.3.3	dev
next-default	transitive	@tailwindcss/oxide-android-arm64@	dev
next-default	transitive	@tailwindcss/oxide-darwin-arm64@	dev
next-default	transitive	@tailwindcss/oxide-darwin-x64@	dev
next-default	transitive	@tailwindcss/oxide-freebsd-x64@	dev
next-default	transitive	@tailwindcss/oxide-linux-arm-gnueabihf@	dev
next-default	transitive	@tailwindcss/oxide-linux-arm64-gnu@	dev
next-default	transitive	@tailwindcss/oxide-linux-arm64-musl@	dev
next-default	transitive	@tailwindcss/oxide-linux-x64-gnu@4.3.3	dev
next-default	transitive	@tailwindcss/oxide-linux-x64-musl@	dev
next-default	transitive	@tailwindcss/oxide-wasm32-wasi@	dev
next-default	transitive	@tailwindcss/oxide-win32-arm64-msvc@	dev
next-default	transitive	@tailwindcss/oxide-win32-x64-msvc@	dev
next-default	direct	@tailwindcss/postcss@4.3.3	dev
next-default	direct	@tybys/wasm-util@0.10.3	prod
next-default	transitive	@types/estree@1.0.9	dev
next-default	transitive	@types/json-schema@7.0.15	dev
next-default	transitive	@types/json5@0.0.29	dev
next-default	direct	@types/node@20.19.43	dev
next-default	direct	@types/react@19.2.18	dev
next-default	direct	@types/react-dom@19.2.4	dev
next-default	transitive	@typescript-eslint/eslint-plugin@8.67.0	dev
next-default	transitive	@typescript-eslint/parser@8.67.0	dev
next-default	transitive	@typescript-eslint/project-service@8.67.0	dev
next-default	transitive	@typescript-eslint/scope-manager@8.67.0	dev
next-default	transitive	@typescript-eslint/tsconfig-utils@8.67.0	dev
next-default	transitive	@typescript-eslint/type-utils@8.67.0	dev
next-default	transitive	@typescript-eslint/types@8.67.0	dev
next-default	transitive	@typescript-eslint/typescript-estree@8.67.0	dev
next-default	transitive	@typescript-eslint/utils@8.67.0	dev
next-default	transitive	@typescript-eslint/visitor-keys@8.67.0	dev
next-default	transitive	@unrs/resolver-binding-android-arm-eabi@	dev
next-default	transitive	@unrs/resolver-binding-android-arm64@	dev
next-default	transitive	@unrs/resolver-binding-darwin-arm64@	dev
next-default	transitive	@unrs/resolver-binding-darwin-x64@	dev
next-default	transitive	@unrs/resolver-binding-freebsd-x64@	dev
next-default	transitive	@unrs/resolver-binding-linux-arm-gnueabihf@	dev
next-default	transitive	@unrs/resolver-binding-linux-arm-musleabihf@	dev
next-default	transitive	@unrs/resolver-binding-linux-arm64-gnu@	dev
next-default	transitive	@unrs/resolver-binding-linux-arm64-musl@	dev
next-default	transitive	@unrs/resolver-binding-linux-loong64-gnu@	dev
next-default	transitive	@unrs/resolver-binding-linux-loong64-musl@	dev
next-default	transitive	@unrs/resolver-binding-linux-ppc64-gnu@	dev
next-default	transitive	@unrs/resolver-binding-linux-riscv64-gnu@	dev
next-default	transitive	@unrs/resolver-binding-linux-riscv64-musl@	dev
next-default	transitive	@unrs/resolver-binding-linux-s390x-gnu@	dev
next-default	transitive	@unrs/resolver-binding-linux-x64-gnu@1.12.2	dev
next-default	transitive	@unrs/resolver-binding-linux-x64-musl@	dev
next-default	transitive	@unrs/resolver-binding-openharmony-arm64@	dev
next-default	transitive	@unrs/resolver-binding-wasm32-wasi@	dev
next-default	transitive	@unrs/resolver-binding-win32-arm64-msvc@	dev
next-default	transitive	@unrs/resolver-binding-win32-ia32-msvc@	dev
next-default	transitive	@unrs/resolver-binding-win32-x64-msvc@	dev
next-default	transitive	acorn@8.18.0	dev
next-default	transitive	acorn-jsx@5.3.2	dev
next-default	transitive	ajv@6.15.0	dev
next-default	transitive	ansi-styles@4.3.0	dev
next-default	transitive	argparse@2.0.1	dev
next-default	transitive	aria-query@5.3.2	dev
next-default	transitive	array-buffer-byte-length@1.0.2	dev
next-default	transitive	array-includes@3.1.9	dev
next-default	transitive	array.prototype.findlast@1.2.5	dev
next-default	transitive	array.prototype.findlastindex@1.2.6	dev
next-default	transitive	array.prototype.flat@1.3.3	dev
next-default	transitive	array.prototype.flatmap@1.3.3	dev
next-default	transitive	array.prototype.tosorted@1.1.4	dev
next-default	transitive	arraybuffer.prototype.slice@1.0.4	dev
next-default	transitive	ast-types-flow@0.0.8	dev
next-default	transitive	async-function@1.0.0	dev
next-default	transitive	available-typed-arrays@1.0.7	dev
next-default	transitive	axe-core@4.13.0	dev
next-default	transitive	axobject-query@4.1.0	dev
next-default	transitive	babel-plugin-react-compiler@	prod
next-default	transitive	balanced-match@4.0.4	dev
next-default	transitive	baseline-browser-mapping@2.11.14	prod
next-default	transitive	brace-expansion@5.0.9	dev
next-default	transitive	braces@3.0.3	dev
next-default	transitive	browserslist@4.28.8	dev
next-default	transitive	call-bind@1.0.9	dev
next-default	transitive	call-bind-apply-helpers@1.0.2	dev
next-default	transitive	call-bound@1.0.4	dev
next-default	transitive	callsites@3.1.0	dev
next-default	transitive	caniuse-lite@1.0.30001809	prod
next-default	transitive	chalk@4.1.2	dev
next-default	transitive	client-only@0.0.1	prod
next-default	transitive	color-convert@2.0.1	dev
next-default	transitive	color-name@1.1.4	dev
next-default	transitive	concat-map@0.0.1	dev
next-default	transitive	convert-source-map@2.0.0	dev
next-default	transitive	cross-spawn@7.0.6	dev
next-default	transitive	csstype@3.2.3	dev
next-default	transitive	damerau-levenshtein@1.0.8	dev
next-default	transitive	data-view-buffer@1.0.2	dev
next-default	transitive	data-view-byte-length@1.0.2	dev
next-default	transitive	data-view-byte-offset@1.0.1	dev
next-default	transitive	debug@3.2.7	dev
next-default	transitive	deep-is@0.1.4	dev
next-default	transitive	define-data-property@1.1.4	dev
next-default	transitive	define-properties@1.2.1	dev
next-default	transitive	detect-libc@2.1.2	prod
next-default	transitive	doctrine@2.1.0	dev
next-default	transitive	dunder-proto@1.0.1	dev
next-default	transitive	electron-to-chromium@1.5.405	dev
next-default	transitive	emoji-regex@9.2.2	dev
next-default	transitive	enhanced-resolve@5.24.5	dev
next-default	transitive	es-abstract@1.24.2	dev
next-default	transitive	es-abstract-get@1.0.0	dev
next-default	transitive	es-define-property@1.0.1	dev
next-default	transitive	es-errors@1.3.0	dev
next-default	transitive	es-iterator-helpers@1.4.0	dev
next-default	transitive	es-object-atoms@1.1.2	dev
next-default	transitive	es-set-tostringtag@2.1.0	dev
next-default	transitive	es-shim-unscopables@1.1.0	dev
next-default	transitive	es-to-primitive@1.3.4	dev
next-default	transitive	escalade@3.2.0	dev
next-default	transitive	escape-string-regexp@4.0.0	dev
next-default	direct	eslint@9.39.5	dev
next-default	direct	eslint-config-next@16.3.0	dev
next-default	transitive	eslint-import-resolver-node@0.3.10	dev
next-default	transitive	eslint-import-resolver-typescript@3.10.1	dev
next-default	transitive	eslint-module-utils@2.14.0	dev
next-default	transitive	eslint-plugin-import@2.32.0	dev
next-default	transitive	eslint-plugin-import-x@	dev
next-default	transitive	eslint-plugin-jsx-a11y@6.10.2	dev
next-default	transitive	eslint-plugin-react@7.37.5	dev
next-default	transitive	eslint-plugin-react-hooks@7.1.1	dev
next-default	transitive	eslint-scope@8.4.0	dev
next-default	transitive	eslint-visitor-keys@3.4.3	dev
next-default	transitive	espree@10.4.0	dev
next-default	transitive	esquery@1.7.0	dev
next-default	transitive	esrecurse@4.3.0	dev
next-default	transitive	estraverse@5.3.0	dev
next-default	transitive	esutils@2.0.3	dev
next-default	transitive	fast-deep-equal@3.1.3	dev
next-default	transitive	fast-glob@3.3.1	dev
next-default	transitive	fast-json-stable-stringify@2.1.0	dev
next-default	transitive	fast-levenshtein@2.0.6	dev
next-default	transitive	fastq@1.20.1	dev
next-default	transitive	fdir@6.5.0	dev
next-default	transitive	file-entry-cache@8.0.0	dev
next-default	transitive	fill-range@7.1.1	dev
next-default	transitive	find-up@5.0.0	dev
next-default	transitive	flat-cache@4.0.1	dev
next-default	transitive	flatted@3.4.4	dev
next-default	transitive	for-each@0.3.5	dev
next-default	transitive	function-bind@1.1.2	dev
next-default	transitive	function.prototype.name@1.2.0	dev
next-default	transitive	functions-have-names@1.2.3	dev
next-default	transitive	generator-function@2.0.1	dev
next-default	transitive	gensync@1.0.0-beta.2	dev
next-default	transitive	get-intrinsic@1.3.0	dev
next-default	transitive	get-proto@1.0.1	dev
next-default	transitive	get-symbol-description@1.1.0	dev
next-default	transitive	get-tsconfig@4.14.2	dev
next-default	transitive	glob-parent@5.1.2	dev
next-default	transitive	globals@16.4.0	dev
next-default	transitive	globalthis@1.0.4	dev
next-default	transitive	gopd@1.2.0	dev
next-default	transitive	graceful-fs@4.2.11	dev
next-default	transitive	has-bigints@1.1.0	dev
next-default	transitive	has-flag@4.0.0	dev
next-default	transitive	has-property-descriptors@1.0.2	dev
next-default	transitive	has-proto@1.2.0	dev
next-default	transitive	has-symbols@1.1.0	dev
next-default	transitive	has-tostringtag@1.0.2	dev
next-default	transitive	hasown@2.0.4	dev
next-default	transitive	hermes-estree@0.25.1	dev
next-default	transitive	hermes-parser@0.25.1	dev
next-default	transitive	ignore@7.0.6	dev
next-default	transitive	import-fresh@3.3.1	dev
next-default	transitive	imurmurhash@0.1.4	dev
next-default	transitive	internal-slot@1.1.0	dev
next-default	transitive	is-array-buffer@3.0.5	dev
next-default	transitive	is-async-function@2.1.1	dev
next-default	transitive	is-bigint@1.1.0	dev
next-default	transitive	is-boolean-object@1.2.2	dev
next-default	transitive	is-bun-module@2.0.0	dev
next-default	transitive	is-callable@1.2.7	dev
next-default	transitive	is-core-module@2.16.2	dev
next-default	transitive	is-data-view@1.0.2	dev
next-default	transitive	is-date-object@1.1.0	dev
next-default	transitive	is-document.all@1.0.0	dev
next-default	transitive	is-extglob@2.1.1	dev
next-default	transitive	is-finalizationregistry@1.1.1	dev
next-default	transitive	is-generator-function@1.1.2	dev
next-default	transitive	is-glob@4.0.3	dev
next-default	transitive	is-map@2.0.3	dev
next-default	transitive	is-negative-zero@2.0.3	dev
next-default	transitive	is-number@7.0.0	dev
next-default	transitive	is-number-object@1.1.1	dev
next-default	transitive	is-regex@1.2.1	dev
next-default	transitive	is-set@2.0.3	dev
next-default	transitive	is-shared-array-buffer@1.0.4	dev
next-default	transitive	is-string@1.1.1	dev
next-default	transitive	is-symbol@1.1.1	dev
next-default	transitive	is-typed-array@1.1.15	dev
next-default	transitive	is-weakmap@2.0.2	dev
next-default	transitive	is-weakref@1.1.1	dev
next-default	transitive	is-weakset@2.0.4	dev
next-default	transitive	isarray@2.0.5	dev
next-default	transitive	isexe@2.0.0	dev
next-default	transitive	iterator.prototype@1.1.5	dev
next-default	transitive	jiti@2.7.0	dev
next-default	transitive	js-tokens@4.0.0	dev
next-default	transitive	js-yaml@4.3.1	dev
next-default	transitive	jsesc@3.1.0	dev
next-default	transitive	json-buffer@3.0.1	dev
next-default	transitive	json-schema-traverse@0.4.1	dev
next-default	transitive	json-stable-stringify-without-jsonify@1.0.1	dev
next-default	transitive	json5@1.0.2	dev
next-default	transitive	jsx-ast-utils@3.3.5	dev
next-default	transitive	keyv@4.5.4	dev
next-default	transitive	language-subtag-registry@0.3.23	dev
next-default	transitive	language-tags@1.0.9	dev
next-default	transitive	levn@0.4.1	dev
next-default	transitive	lightningcss@1.32.0	dev
next-default	transitive	lightningcss-android-arm64@	dev
next-default	transitive	lightningcss-darwin-arm64@	dev
next-default	transitive	lightningcss-darwin-x64@	dev
next-default	transitive	lightningcss-freebsd-x64@	dev
next-default	transitive	lightningcss-linux-arm-gnueabihf@	dev
next-default	transitive	lightningcss-linux-arm64-gnu@	dev
next-default	transitive	lightningcss-linux-arm64-musl@	dev
next-default	transitive	lightningcss-linux-x64-gnu@1.32.0	dev
next-default	transitive	lightningcss-linux-x64-musl@	dev
next-default	transitive	lightningcss-win32-arm64-msvc@	dev
next-default	transitive	lightningcss-win32-x64-msvc@	dev
next-default	transitive	locate-path@6.0.0	dev
next-default	transitive	lodash.merge@4.6.2	dev
next-default	transitive	loose-envify@1.4.0	dev
next-default	transitive	lru-cache@5.1.1	dev
next-default	transitive	magic-string@0.30.21	dev
next-default	transitive	math-intrinsics@1.1.0	dev
next-default	transitive	merge2@1.4.1	dev
next-default	transitive	micromatch@4.0.8	dev
next-default	transitive	minimatch@3.1.5	dev
next-default	transitive	minimist@1.2.8	dev
next-default	transitive	ms@2.1.3	dev
next-default	transitive	nanoid@3.3.18	prod
next-default	transitive	napi-postinstall@0.3.4	dev
next-default	transitive	natural-compare@1.4.0	dev
next-default	direct	next@16.3.0	prod
next-default	transitive	node-exports-info@1.6.2	dev
next-default	transitive	node-releases@2.0.53	dev
next-default	transitive	object-assign@4.1.1	dev
next-default	transitive	object-inspect@1.13.4	dev
next-default	transitive	object-keys@1.1.1	dev
next-default	transitive	object.assign@4.1.7	dev
next-default	transitive	object.entries@1.1.9	dev
next-default	transitive	object.fromentries@2.0.8	dev
next-default	transitive	object.groupby@1.0.3	dev
next-default	transitive	object.values@1.2.1	dev
next-default	transitive	optionator@0.9.4	dev
next-default	transitive	own-keys@1.0.2	dev
next-default	transitive	p-limit@3.1.0	dev
next-default	transitive	p-locate@5.0.0	dev
next-default	transitive	parent-module@1.0.1	dev
next-default	transitive	path-exists@4.0.0	dev
next-default	transitive	path-key@3.1.1	dev
next-default	transitive	path-parse@1.0.7	dev
next-default	transitive	picocolors@1.1.1	prod
next-default	transitive	picomatch@2.3.2	dev
next-default	transitive	possible-typed-array-names@1.1.0	dev
next-default	transitive	postcss@8.5.26	prod
next-default	transitive	prelude-ls@1.2.1	dev
next-default	transitive	prop-types@15.8.1	dev
next-default	transitive	punycode@2.3.1	dev
next-default	transitive	queue-microtask@1.2.3	dev
next-default	direct	react@19.2.8	prod
next-default	direct	react-dom@19.2.8	prod
next-default	transitive	react-is@16.13.1	dev
next-default	transitive	reflect.getprototypeof@1.0.10	dev
next-default	transitive	regexp.prototype.flags@1.5.4	dev
next-default	transitive	resolve@2.0.0-next.7	dev
next-default	transitive	resolve-from@4.0.0	dev
next-default	transitive	resolve-pkg-maps@1.0.0	dev
next-default	transitive	reusify@1.1.0	dev
next-default	transitive	run-parallel@1.2.0	dev
next-default	transitive	safe-array-concat@1.1.4	dev
next-default	transitive	safe-push-apply@1.0.0	dev
next-default	transitive	safe-regex-test@1.1.0	dev
next-default	transitive	sass@	prod
next-default	transitive	scheduler@0.27.0	prod
next-default	transitive	semver@6.3.1	prod
next-default	transitive	set-function-length@1.2.2	dev
next-default	transitive	set-function-name@2.0.2	dev
next-default	transitive	set-proto@1.0.0	dev
next-default	transitive	sharp@0.35.3	prod
next-default	transitive	shebang-command@2.0.0	dev
next-default	transitive	shebang-regex@3.0.0	dev
next-default	transitive	side-channel@1.1.1	dev
next-default	transitive	side-channel-list@1.0.1	dev
next-default	transitive	side-channel-map@1.0.1	dev
next-default	transitive	side-channel-weakmap@1.0.2	dev
next-default	transitive	source-map-js@1.2.1	prod
next-default	transitive	stable-hash@0.0.5	dev
next-default	transitive	stop-iteration-iterator@1.1.0	dev
next-default	transitive	string.prototype.includes@2.0.1	dev
next-default	transitive	string.prototype.matchall@4.0.12	dev
next-default	transitive	string.prototype.repeat@1.0.0	dev
next-default	transitive	string.prototype.trim@1.2.11	dev
next-default	transitive	string.prototype.trimend@1.0.10	dev
next-default	transitive	string.prototype.trimstart@1.0.8	dev
next-default	transitive	strip-bom@3.0.0	dev
next-default	transitive	strip-json-comments@3.1.1	dev
next-default	transitive	styled-jsx@5.1.6	prod
next-default	transitive	supports-color@7.2.0	dev
next-default	transitive	supports-preserve-symlinks-flag@1.0.0	dev
next-default	direct	tailwindcss@4.3.3	dev
next-default	transitive	tapable@2.3.3	dev
next-default	transitive	tinyglobby@0.2.17	dev
next-default	transitive	to-regex-range@5.0.1	dev
next-default	transitive	ts-api-utils@2.5.0	dev
next-default	transitive	tsconfig-paths@3.15.0	dev
next-default	transitive	tslib@2.8.1	prod
next-default	transitive	type-check@0.4.0	dev
next-default	transitive	typed-array-buffer@1.0.3	dev
next-default	transitive	typed-array-byte-length@1.0.3	dev
next-default	transitive	typed-array-byte-offset@1.0.4	dev
next-default	transitive	typed-array-length@1.0.8	dev
next-default	direct	typescript@5.9.3	dev
next-default	transitive	typescript-eslint@8.67.0	dev
next-default	transitive	unbox-primitive@1.1.0	dev
next-default	transitive	undici-types@6.21.0	dev
next-default	transitive	unrs-resolver@1.12.2	dev
next-default	transitive	update-browserslist-db@1.3.1	dev
next-default	transitive	uri-js@4.4.1	dev
next-default	transitive	which@2.0.2	dev
next-default	transitive	which-boxed-primitive@1.1.1	dev
next-default	transitive	which-builtin-type@1.2.1	dev
next-default	transitive	which-collection@1.0.2	dev
next-default	transitive	which-typed-array@1.1.22	dev
next-default	transitive	word-wrap@1.2.5	dev
next-default	transitive	yallist@3.1.1	dev
next-default	transitive	yocto-queue@0.1.0	dev
next-default	transitive	zod@4.4.3	dev
next-default	transitive	zod-validation-error@4.0.2	dev
