next-cms-sitecore-xmcloud	transitive	@ardatan/aggregate-error@0.0.6	dev
next-cms-sitecore-xmcloud	transitive	@ardatan/relay-compiler@12.0.0	dev
next-cms-sitecore-xmcloud	transitive	@babel/code-frame@7.29.7	dev
next-cms-sitecore-xmcloud	transitive	@babel/compat-data@7.29.7	dev
next-cms-sitecore-xmcloud	transitive	@babel/core@7.29.7	dev
next-cms-sitecore-xmcloud	transitive	@babel/generator@7.29.8	dev
next-cms-sitecore-xmcloud	transitive	@babel/helper-annotate-as-pure@7.29.7	dev
next-cms-sitecore-xmcloud	transitive	@babel/helper-compilation-targets@7.29.7	dev
next-cms-sitecore-xmcloud	transitive	@babel/helper-create-class-features-plugin@7.29.7	dev
next-cms-sitecore-xmcloud	transitive	@babel/helper-function-name@7.24.7	dev
next-cms-sitecore-xmcloud	transitive	@babel/helper-globals@7.29.7	dev
next-cms-sitecore-xmcloud	transitive	@babel/helper-hoist-variables@7.24.7	dev
next-cms-sitecore-xmcloud	transitive	@babel/helper-member-expression-to-functions@7.29.7	dev
next-cms-sitecore-xmcloud	transitive	@babel/helper-module-imports@7.29.7	dev
next-cms-sitecore-xmcloud	transitive	@babel/helper-module-transforms@7.29.7	dev
next-cms-sitecore-xmcloud	transitive	@babel/helper-optimise-call-expression@7.29.7	dev
next-cms-sitecore-xmcloud	transitive	@babel/helper-plugin-utils@7.29.7	dev
next-cms-sitecore-xmcloud	transitive	@babel/helper-replace-supers@7.29.7	dev
next-cms-sitecore-xmcloud	transitive	@babel/helper-skip-transparent-expression-wrappers@7.29.7	dev
next-cms-sitecore-xmcloud	transitive	@babel/helper-split-export-declaration@7.24.7	dev
next-cms-sitecore-xmcloud	transitive	@babel/helper-string-parser@7.29.7	dev
next-cms-sitecore-xmcloud	transitive	@babel/helper-validator-identifier@7.29.7	dev
next-cms-sitecore-xmcloud	transitive	@babel/helper-validator-option@7.29.7	dev
next-cms-sitecore-xmcloud	transitive	@babel/helpers@7.29.7	dev
next-cms-sitecore-xmcloud	transitive	@babel/parser@7.12.16	dev
next-cms-sitecore-xmcloud	transitive	@babel/plugin-proposal-class-properties@7.18.6	dev
next-cms-sitecore-xmcloud	transitive	@babel/plugin-proposal-object-rest-spread@7.20.7	dev
next-cms-sitecore-xmcloud	transitive	@babel/plugin-syntax-async-generators@7.8.4	dev
next-cms-sitecore-xmcloud	transitive	@babel/plugin-syntax-bigint@7.8.3	dev
next-cms-sitecore-xmcloud	transitive	@babel/plugin-syntax-class-properties@7.12.13	dev
next-cms-sitecore-xmcloud	transitive	@babel/plugin-syntax-class-static-block@7.14.5	dev
next-cms-sitecore-xmcloud	transitive	@babel/plugin-syntax-flow@7.29.7	dev
next-cms-sitecore-xmcloud	transitive	@babel/plugin-syntax-import-attributes@7.29.7	dev
next-cms-sitecore-xmcloud	transitive	@babel/plugin-syntax-import-meta@7.10.4	dev
next-cms-sitecore-xmcloud	transitive	@babel/plugin-syntax-json-strings@7.8.3	dev
next-cms-sitecore-xmcloud	transitive	@babel/plugin-syntax-jsx@7.29.7	dev
next-cms-sitecore-xmcloud	transitive	@babel/plugin-syntax-logical-assignment-operators@7.10.4	dev
next-cms-sitecore-xmcloud	transitive	@babel/plugin-syntax-nullish-coalescing-operator@7.8.3	dev
next-cms-sitecore-xmcloud	transitive	@babel/plugin-syntax-numeric-separator@7.10.4	dev
next-cms-sitecore-xmcloud	transitive	@babel/plugin-syntax-object-rest-spread@7.8.3	dev
next-cms-sitecore-xmcloud	transitive	@babel/plugin-syntax-optional-catch-binding@7.8.3	dev
next-cms-sitecore-xmcloud	transitive	@babel/plugin-syntax-optional-chaining@7.8.3	dev
next-cms-sitecore-xmcloud	transitive	@babel/plugin-syntax-private-property-in-object@7.14.5	dev
next-cms-sitecore-xmcloud	transitive	@babel/plugin-syntax-top-level-await@7.14.5	dev
next-cms-sitecore-xmcloud	transitive	@babel/plugin-transform-arrow-functions@7.29.7	dev
next-cms-sitecore-xmcloud	transitive	@babel/plugin-transform-block-scoped-functions@7.29.7	dev
next-cms-sitecore-xmcloud	transitive	@babel/plugin-transform-block-scoping@7.29.7	dev
next-cms-sitecore-xmcloud	transitive	@babel/plugin-transform-classes@7.29.7	dev
next-cms-sitecore-xmcloud	transitive	@babel/plugin-transform-computed-properties@7.29.7	dev
next-cms-sitecore-xmcloud	transitive	@babel/plugin-transform-destructuring@7.29.7	dev
next-cms-sitecore-xmcloud	transitive	@babel/plugin-transform-flow-strip-types@7.29.7	dev
next-cms-sitecore-xmcloud	transitive	@babel/plugin-transform-for-of@7.29.7	dev
next-cms-sitecore-xmcloud	transitive	@babel/plugin-transform-function-name@7.29.7	dev
next-cms-sitecore-xmcloud	transitive	@babel/plugin-transform-literals@7.29.7	dev
next-cms-sitecore-xmcloud	transitive	@babel/plugin-transform-member-expression-literals@7.29.7	dev
next-cms-sitecore-xmcloud	transitive	@babel/plugin-transform-modules-commonjs@7.29.7	dev
next-cms-sitecore-xmcloud	transitive	@babel/plugin-transform-object-super@7.29.7	dev
next-cms-sitecore-xmcloud	transitive	@babel/plugin-transform-parameters@7.29.7	dev
next-cms-sitecore-xmcloud	transitive	@babel/plugin-transform-property-literals@7.29.7	dev
next-cms-sitecore-xmcloud	transitive	@babel/plugin-transform-react-display-name@7.29.7	dev
next-cms-sitecore-xmcloud	transitive	@babel/plugin-transform-react-jsx@7.29.7	dev
next-cms-sitecore-xmcloud	transitive	@babel/plugin-transform-shorthand-properties@7.29.7	dev
next-cms-sitecore-xmcloud	transitive	@babel/plugin-transform-spread@7.29.8	dev
next-cms-sitecore-xmcloud	transitive	@babel/plugin-transform-template-literals@7.29.7	dev
next-cms-sitecore-xmcloud	transitive	@babel/runtime@7.29.7	dev
next-cms-sitecore-xmcloud	transitive	@babel/template@7.29.7	dev
next-cms-sitecore-xmcloud	transitive	@babel/traverse@7.12.13	dev
next-cms-sitecore-xmcloud	transitive	@babel/types@7.12.13	dev
next-cms-sitecore-xmcloud	transitive	@cspotcode/source-map-support@0.8.1	prod
next-cms-sitecore-xmcloud	transitive	@endemolshinegroup/cosmiconfig-typescript-loader@3.0.2	dev
next-cms-sitecore-xmcloud	transitive	@eslint-community/eslint-utils@4.10.1	dev
next-cms-sitecore-xmcloud	transitive	@eslint-community/regexpp@4.12.2	dev
next-cms-sitecore-xmcloud	transitive	@eslint/config-array@0.21.2	dev
next-cms-sitecore-xmcloud	transitive	@eslint/config-helpers@0.4.2	dev
next-cms-sitecore-xmcloud	transitive	@eslint/core@0.17.0	dev
next-cms-sitecore-xmcloud	transitive	@eslint/eslintrc@3.3.6	dev
next-cms-sitecore-xmcloud	transitive	@eslint/js@9.39.5	dev
next-cms-sitecore-xmcloud	transitive	@eslint/object-schema@2.1.7	dev
next-cms-sitecore-xmcloud	transitive	@eslint/plugin-kit@0.4.1	dev
next-cms-sitecore-xmcloud	transitive	@graphql-codegen/add@3.2.3	dev
next-cms-sitecore-xmcloud	direct	@graphql-codegen/cli@1.21.8	dev
next-cms-sitecore-xmcloud	transitive	@graphql-codegen/core@1.17.10	dev
next-cms-sitecore-xmcloud	direct	@graphql-codegen/import-types-preset@2.2.6	dev
next-cms-sitecore-xmcloud	direct	@graphql-codegen/plugin-helpers@3.1.2	dev
next-cms-sitecore-xmcloud	transitive	@graphql-codegen/schema-ast@2.6.1	dev
next-cms-sitecore-xmcloud	direct	@graphql-codegen/typed-document-node@2.3.13	dev
next-cms-sitecore-xmcloud	direct	@graphql-codegen/typescript@2.8.8	dev
next-cms-sitecore-xmcloud	direct	@graphql-codegen/typescript-operations@2.5.13	dev
next-cms-sitecore-xmcloud	direct	@graphql-codegen/typescript-resolvers@2.7.13	dev
next-cms-sitecore-xmcloud	transitive	@graphql-codegen/visitor-plugin-common@2.13.1	dev
next-cms-sitecore-xmcloud	transitive	@graphql-tools/apollo-engine-loader@6.2.5	dev
next-cms-sitecore-xmcloud	transitive	@graphql-tools/batch-execute@7.1.2	dev
next-cms-sitecore-xmcloud	transitive	@graphql-tools/code-file-loader@6.3.1	dev
next-cms-sitecore-xmcloud	transitive	@graphql-tools/delegate@7.1.5	dev
next-cms-sitecore-xmcloud	transitive	@graphql-tools/git-loader@6.2.6	dev
next-cms-sitecore-xmcloud	transitive	@graphql-tools/github-loader@6.2.5	dev
next-cms-sitecore-xmcloud	transitive	@graphql-tools/graphql-file-loader@6.2.7	dev
next-cms-sitecore-xmcloud	transitive	@graphql-tools/graphql-tag-pluck@6.5.1	dev
next-cms-sitecore-xmcloud	transitive	@graphql-tools/import@6.7.18	dev
next-cms-sitecore-xmcloud	transitive	@graphql-tools/json-file-loader@6.2.6	dev
next-cms-sitecore-xmcloud	transitive	@graphql-tools/load@6.2.8	dev
next-cms-sitecore-xmcloud	transitive	@graphql-tools/merge@6.2.17	dev
next-cms-sitecore-xmcloud	transitive	@graphql-tools/optimize@1.4.0	dev
next-cms-sitecore-xmcloud	transitive	@graphql-tools/prisma-loader@6.3.0	dev
next-cms-sitecore-xmcloud	transitive	@graphql-tools/relay-operation-optimizer@6.5.18	dev
next-cms-sitecore-xmcloud	transitive	@graphql-tools/schema@8.5.1	dev
next-cms-sitecore-xmcloud	transitive	@graphql-tools/url-loader@6.10.1	dev
next-cms-sitecore-xmcloud	transitive	@graphql-tools/utils@7.10.0	dev
next-cms-sitecore-xmcloud	transitive	@graphql-tools/wrap@7.0.8	dev
next-cms-sitecore-xmcloud	direct	@graphql-typed-document-node/core@3.2.0	dev
next-cms-sitecore-xmcloud	transitive	@hapi/hoek@9.3.0	prod
next-cms-sitecore-xmcloud	transitive	@hapi/topo@5.1.0	prod
next-cms-sitecore-xmcloud	transitive	@humanfs/core@0.19.2	dev
next-cms-sitecore-xmcloud	transitive	@humanfs/node@0.16.8	dev
next-cms-sitecore-xmcloud	transitive	@humanfs/types@0.15.0	dev
next-cms-sitecore-xmcloud	transitive	@humanwhocodes/module-importer@1.0.1	dev
next-cms-sitecore-xmcloud	transitive	@humanwhocodes/retry@0.4.3	dev
next-cms-sitecore-xmcloud	transitive	@iarna/toml@2.2.5	dev
next-cms-sitecore-xmcloud	transitive	@istanbuljs/load-nyc-config@1.1.0	dev
next-cms-sitecore-xmcloud	transitive	@istanbuljs/schema@0.1.6	dev
next-cms-sitecore-xmcloud	transitive	@jest/pattern@30.4.0	dev
next-cms-sitecore-xmcloud	transitive	@jest/schemas@30.4.1	dev
next-cms-sitecore-xmcloud	transitive	@jest/transform@30.4.1	dev
next-cms-sitecore-xmcloud	transitive	@jest/types@30.4.1	dev
next-cms-sitecore-xmcloud	transitive	@jridgewell/gen-mapping@0.3.13	dev
next-cms-sitecore-xmcloud	transitive	@jridgewell/remapping@2.3.5	dev
next-cms-sitecore-xmcloud	transitive	@jridgewell/resolve-uri@3.1.2	prod
next-cms-sitecore-xmcloud	transitive	@jridgewell/sourcemap-codec@1.5.5	prod
next-cms-sitecore-xmcloud	transitive	@jridgewell/trace-mapping@0.3.31	prod
next-cms-sitecore-xmcloud	transitive	@microsoft/fetch-event-source@2.0.1	dev
next-cms-sitecore-xmcloud	transitive	@next/env@13.5.11	prod
next-cms-sitecore-xmcloud	transitive	@next/eslint-plugin-next@13.5.11	dev
next-cms-sitecore-xmcloud	transitive	@next/swc-darwin-arm64@	prod
next-cms-sitecore-xmcloud	transitive	@next/swc-darwin-x64@	prod
next-cms-sitecore-xmcloud	transitive	@next/swc-linux-arm64-gnu@	prod
next-cms-sitecore-xmcloud	transitive	@next/swc-linux-arm64-musl@	prod
next-cms-sitecore-xmcloud	transitive	@next/swc-linux-x64-gnu@13.5.9	prod
next-cms-sitecore-xmcloud	transitive	@next/swc-linux-x64-musl@	prod
next-cms-sitecore-xmcloud	transitive	@next/swc-win32-arm64-msvc@	prod
next-cms-sitecore-xmcloud	transitive	@next/swc-win32-ia32-msvc@	prod
next-cms-sitecore-xmcloud	transitive	@next/swc-win32-x64-msvc@	prod
next-cms-sitecore-xmcloud	transitive	@nodelib/fs.scandir@2.1.5	prod
next-cms-sitecore-xmcloud	transitive	@nodelib/fs.stat@2.0.5	prod
next-cms-sitecore-xmcloud	transitive	@nodelib/fs.walk@1.2.8	prod
next-cms-sitecore-xmcloud	transitive	@nolyfill/is-core-module@1.0.39	dev
next-cms-sitecore-xmcloud	transitive	@opentelemetry/api@	prod
next-cms-sitecore-xmcloud	transitive	@parcel/watcher@2.6.0	prod
next-cms-sitecore-xmcloud	transitive	@parcel/watcher-android-arm64@	prod
next-cms-sitecore-xmcloud	transitive	@parcel/watcher-darwin-arm64@	prod
next-cms-sitecore-xmcloud	transitive	@parcel/watcher-darwin-x64@	prod
next-cms-sitecore-xmcloud	transitive	@parcel/watcher-freebsd-x64@	prod
next-cms-sitecore-xmcloud	transitive	@parcel/watcher-linux-arm-glibc@	prod
next-cms-sitecore-xmcloud	transitive	@parcel/watcher-linux-arm-musl@	prod
next-cms-sitecore-xmcloud	transitive	@parcel/watcher-linux-arm64-glibc@	prod
next-cms-sitecore-xmcloud	transitive	@parcel/watcher-linux-arm64-musl@	prod
next-cms-sitecore-xmcloud	transitive	@parcel/watcher-linux-x64-glibc@2.6.0	prod
next-cms-sitecore-xmcloud	transitive	@parcel/watcher-linux-x64-musl@	prod
next-cms-sitecore-xmcloud	transitive	@parcel/watcher-win32-arm64@	prod
next-cms-sitecore-xmcloud	transitive	@parcel/watcher-win32-x64@	prod
next-cms-sitecore-xmcloud	transitive	@popperjs/core@	prod
next-cms-sitecore-xmcloud	transitive	@rtsao/scc@1.1.0	dev
next-cms-sitecore-xmcloud	transitive	@rushstack/eslint-patch@1.16.1	dev
next-cms-sitecore-xmcloud	transitive	@samverschueren/stream-to-observable@0.3.1	dev
next-cms-sitecore-xmcloud	transitive	@sideway/address@4.1.5	prod
next-cms-sitecore-xmcloud	transitive	@sideway/formula@3.0.1	prod
next-cms-sitecore-xmcloud	transitive	@sideway/pinpoint@2.0.0	prod
next-cms-sitecore-xmcloud	transitive	@sinclair/typebox@0.34.52	dev
next-cms-sitecore-xmcloud	transitive	@sindresorhus/is@0.14.0	dev
next-cms-sitecore-xmcloud	transitive	@sitecore-jss/sitecore-jss@21.1.7	prod
next-cms-sitecore-xmcloud	direct	@sitecore-jss/sitecore-jss-cli@21.1.7	dev
next-cms-sitecore-xmcloud	transitive	@sitecore-jss/sitecore-jss-dev-tools@21.1.7	prod
next-cms-sitecore-xmcloud	direct	@sitecore-jss/sitecore-jss-nextjs@21.1.7	prod
next-cms-sitecore-xmcloud	transitive	@sitecore-jss/sitecore-jss-react@21.1.7	prod
next-cms-sitecore-xmcloud	transitive	@swc/core@	prod
next-cms-sitecore-xmcloud	transitive	@swc/helpers@0.5.2	prod
next-cms-sitecore-xmcloud	transitive	@swc/wasm@	prod
next-cms-sitecore-xmcloud	transitive	@szmarczak/http-timer@1.1.2	dev
next-cms-sitecore-xmcloud	transitive	@tootallnate/once@1.1.2	dev
next-cms-sitecore-xmcloud	transitive	@tsconfig/node10@1.0.12	prod
next-cms-sitecore-xmcloud	transitive	@tsconfig/node12@1.0.11	prod
next-cms-sitecore-xmcloud	transitive	@tsconfig/node14@1.0.3	prod
next-cms-sitecore-xmcloud	transitive	@tsconfig/node16@1.0.4	prod
next-cms-sitecore-xmcloud	transitive	@types/babel__core@7.20.5	dev
next-cms-sitecore-xmcloud	transitive	@types/babel__generator@7.27.0	dev
next-cms-sitecore-xmcloud	transitive	@types/babel__template@7.4.4	dev
next-cms-sitecore-xmcloud	transitive	@types/babel__traverse@7.28.0	dev
next-cms-sitecore-xmcloud	transitive	@types/estree@1.0.9	dev
next-cms-sitecore-xmcloud	transitive	@types/http-proxy-agent@2.0.2	dev
next-cms-sitecore-xmcloud	transitive	@types/istanbul-lib-coverage@2.0.6	dev
next-cms-sitecore-xmcloud	transitive	@types/istanbul-lib-report@3.0.3	dev
next-cms-sitecore-xmcloud	transitive	@types/istanbul-reports@3.0.4	dev
next-cms-sitecore-xmcloud	transitive	@types/js-yaml@4.0.9	dev
next-cms-sitecore-xmcloud	transitive	@types/json-schema@7.0.15	dev
next-cms-sitecore-xmcloud	transitive	@types/json-stable-stringify@1.1.0	dev
next-cms-sitecore-xmcloud	transitive	@types/json5@0.0.29	dev
next-cms-sitecore-xmcloud	transitive	@types/jsonwebtoken@8.5.9	dev
next-cms-sitecore-xmcloud	direct	@types/node@18.19.130	prod
next-cms-sitecore-xmcloud	transitive	@types/parse-json@4.0.2	dev
next-cms-sitecore-xmcloud	transitive	@types/prop-types@15.7.15	dev
next-cms-sitecore-xmcloud	direct	@types/react@18.3.31	dev
next-cms-sitecore-xmcloud	direct	@types/react-dom@18.3.7	dev
next-cms-sitecore-xmcloud	transitive	@types/semver@7.8.0	dev
next-cms-sitecore-xmcloud	transitive	@types/websocket@1.0.2	dev
next-cms-sitecore-xmcloud	transitive	@types/yargs@17.0.35	dev
next-cms-sitecore-xmcloud	transitive	@types/yargs-parser@21.0.3	dev
next-cms-sitecore-xmcloud	direct	@typescript-eslint/eslint-plugin@5.62.0	dev
next-cms-sitecore-xmcloud	direct	@typescript-eslint/parser@5.62.0	dev
next-cms-sitecore-xmcloud	transitive	@typescript-eslint/scope-manager@5.62.0	dev
next-cms-sitecore-xmcloud	transitive	@typescript-eslint/type-utils@5.62.0	dev
next-cms-sitecore-xmcloud	transitive	@typescript-eslint/types@5.62.0	dev
next-cms-sitecore-xmcloud	transitive	@typescript-eslint/typescript-estree@5.62.0	dev
next-cms-sitecore-xmcloud	transitive	@typescript-eslint/utils@5.62.0	dev
next-cms-sitecore-xmcloud	transitive	@typescript-eslint/visitor-keys@5.62.0	dev
next-cms-sitecore-xmcloud	transitive	@ungap/structured-clone@1.3.3	dev
next-cms-sitecore-xmcloud	transitive	@unrs/resolver-binding-android-arm-eabi@	dev
next-cms-sitecore-xmcloud	transitive	@unrs/resolver-binding-android-arm64@	dev
next-cms-sitecore-xmcloud	transitive	@unrs/resolver-binding-darwin-arm64@	dev
next-cms-sitecore-xmcloud	transitive	@unrs/resolver-binding-darwin-x64@	dev
next-cms-sitecore-xmcloud	transitive	@unrs/resolver-binding-freebsd-x64@	dev
next-cms-sitecore-xmcloud	transitive	@unrs/resolver-binding-linux-arm-gnueabihf@	dev
next-cms-sitecore-xmcloud	transitive	@unrs/resolver-binding-linux-arm-musleabihf@	dev
next-cms-sitecore-xmcloud	transitive	@unrs/resolver-binding-linux-arm64-gnu@	dev
next-cms-sitecore-xmcloud	transitive	@unrs/resolver-binding-linux-arm64-musl@	dev
next-cms-sitecore-xmcloud	transitive	@unrs/resolver-binding-linux-loong64-gnu@	dev
next-cms-sitecore-xmcloud	transitive	@unrs/resolver-binding-linux-loong64-musl@	dev
next-cms-sitecore-xmcloud	transitive	@unrs/resolver-binding-linux-ppc64-gnu@	dev
next-cms-sitecore-xmcloud	transitive	@unrs/resolver-binding-linux-riscv64-gnu@	dev
next-cms-sitecore-xmcloud	transitive	@unrs/resolver-binding-linux-riscv64-musl@	dev
next-cms-sitecore-xmcloud	transitive	@unrs/resolver-binding-linux-s390x-gnu@	dev
next-cms-sitecore-xmcloud	transitive	@unrs/resolver-binding-linux-x64-gnu@1.12.2	dev
next-cms-sitecore-xmcloud	transitive	@unrs/resolver-binding-linux-x64-musl@	dev
next-cms-sitecore-xmcloud	transitive	@unrs/resolver-binding-openharmony-arm64@	dev
next-cms-sitecore-xmcloud	transitive	@unrs/resolver-binding-wasm32-wasi@	dev
next-cms-sitecore-xmcloud	transitive	@unrs/resolver-binding-win32-arm64-msvc@	dev
next-cms-sitecore-xmcloud	transitive	@unrs/resolver-binding-win32-ia32-msvc@	dev
next-cms-sitecore-xmcloud	transitive	@unrs/resolver-binding-win32-x64-msvc@	dev
next-cms-sitecore-xmcloud	transitive	abort-controller@3.0.0	dev
next-cms-sitecore-xmcloud	transitive	accepts@1.3.8	prod
next-cms-sitecore-xmcloud	transitive	acorn@8.18.0	prod
next-cms-sitecore-xmcloud	transitive	acorn-jsx@5.3.2	dev
next-cms-sitecore-xmcloud	transitive	acorn-walk@8.3.5	prod
next-cms-sitecore-xmcloud	transitive	agent-base@6.0.2	prod
next-cms-sitecore-xmcloud	transitive	aggregate-error@3.1.0	prod
next-cms-sitecore-xmcloud	transitive	ajv@6.15.0	dev
next-cms-sitecore-xmcloud	transitive	ajv-keywords@3.5.2	dev
next-cms-sitecore-xmcloud	transitive	ansi-escapes@4.3.2	dev
next-cms-sitecore-xmcloud	transitive	ansi-regex@5.0.1	prod
next-cms-sitecore-xmcloud	transitive	ansi-styles@2.2.1	prod
next-cms-sitecore-xmcloud	transitive	any-observable@0.3.0	dev
next-cms-sitecore-xmcloud	transitive	anymatch@3.1.3	prod
next-cms-sitecore-xmcloud	transitive	arg@4.1.3	prod
next-cms-sitecore-xmcloud	transitive	argparse@2.0.1	prod
next-cms-sitecore-xmcloud	transitive	aria-query@5.3.2	dev
next-cms-sitecore-xmcloud	transitive	array-buffer-byte-length@1.0.2	prod
next-cms-sitecore-xmcloud	transitive	array-flatten@1.1.1	prod
next-cms-sitecore-xmcloud	transitive	array-includes@3.1.9	dev
next-cms-sitecore-xmcloud	transitive	array-union@2.1.0	prod
next-cms-sitecore-xmcloud	transitive	array.prototype.findlast@1.2.5	dev
next-cms-sitecore-xmcloud	transitive	array.prototype.findlastindex@1.2.6	dev
next-cms-sitecore-xmcloud	transitive	array.prototype.flat@1.3.3	dev
next-cms-sitecore-xmcloud	transitive	array.prototype.flatmap@1.3.3	dev
next-cms-sitecore-xmcloud	transitive	array.prototype.tosorted@1.1.4	dev
next-cms-sitecore-xmcloud	transitive	arraybuffer.prototype.slice@1.0.4	dev
next-cms-sitecore-xmcloud	transitive	asap@2.0.6	dev
next-cms-sitecore-xmcloud	transitive	ast-types-flow@0.0.8	dev
next-cms-sitecore-xmcloud	transitive	astral-regex@2.0.0	dev
next-cms-sitecore-xmcloud	transitive	async-function@1.0.0	dev
next-cms-sitecore-xmcloud	transitive	asynckit@0.4.0	prod
next-cms-sitecore-xmcloud	transitive	auto-bind@4.0.0	dev
next-cms-sitecore-xmcloud	transitive	available-typed-arrays@1.0.7	prod
next-cms-sitecore-xmcloud	transitive	axe-core@4.13.0	dev
next-cms-sitecore-xmcloud	transitive	axios@1.19.0	prod
next-cms-sitecore-xmcloud	transitive	axobject-query@4.1.0	dev
next-cms-sitecore-xmcloud	transitive	babel-jest@30.4.1	dev
next-cms-sitecore-xmcloud	transitive	babel-plugin-istanbul@7.0.1	dev
next-cms-sitecore-xmcloud	transitive	babel-plugin-jest-hoist@30.4.0	dev
next-cms-sitecore-xmcloud	transitive	babel-plugin-syntax-trailing-function-commas@7.0.0-beta.0	dev
next-cms-sitecore-xmcloud	transitive	babel-preset-current-node-syntax@1.2.0	dev
next-cms-sitecore-xmcloud	transitive	babel-preset-fbjs@3.4.0	dev
next-cms-sitecore-xmcloud	transitive	babel-preset-jest@30.4.0	dev
next-cms-sitecore-xmcloud	transitive	backo2@1.0.2	dev
next-cms-sitecore-xmcloud	transitive	balanced-match@1.0.2	prod
next-cms-sitecore-xmcloud	transitive	base64-js@1.5.1	dev
next-cms-sitecore-xmcloud	transitive	baseline-browser-mapping@2.11.14	dev
next-cms-sitecore-xmcloud	transitive	big.js@5.2.2	dev
next-cms-sitecore-xmcloud	transitive	binary-extensions@2.3.0	prod
next-cms-sitecore-xmcloud	transitive	body-parser@1.20.6	prod
next-cms-sitecore-xmcloud	transitive	boolbase@1.0.0	prod
next-cms-sitecore-xmcloud	direct	bootstrap@5.3.8	prod
next-cms-sitecore-xmcloud	transitive	brace-expansion@1.1.18	prod
next-cms-sitecore-xmcloud	transitive	braces@3.0.3	prod
next-cms-sitecore-xmcloud	transitive	browserslist@4.28.8	dev
next-cms-sitecore-xmcloud	transitive	bser@2.1.1	dev
next-cms-sitecore-xmcloud	transitive	buffer@5.7.1	dev
next-cms-sitecore-xmcloud	transitive	buffer-equal-constant-time@1.0.1	dev
next-cms-sitecore-xmcloud	transitive	buffer-from@1.1.2	dev
next-cms-sitecore-xmcloud	transitive	bufferutil@	dev
next-cms-sitecore-xmcloud	transitive	busboy@1.6.0	prod
next-cms-sitecore-xmcloud	transitive	bytes@3.1.2	prod
next-cms-sitecore-xmcloud	transitive	cacheable-request@6.1.0	dev
next-cms-sitecore-xmcloud	transitive	call-bind@1.0.9	prod
next-cms-sitecore-xmcloud	transitive	call-bind-apply-helpers@1.0.2	prod
next-cms-sitecore-xmcloud	transitive	call-bound@1.0.4	prod
next-cms-sitecore-xmcloud	transitive	caller@1.0.1	dev
next-cms-sitecore-xmcloud	transitive	callsites@3.1.0	prod
next-cms-sitecore-xmcloud	transitive	camel-case@4.1.2	dev
next-cms-sitecore-xmcloud	transitive	camelcase@5.3.1	dev
next-cms-sitecore-xmcloud	transitive	caniuse-lite@1.0.30001809	prod
next-cms-sitecore-xmcloud	transitive	capital-case@1.0.4	dev
next-cms-sitecore-xmcloud	direct	chalk@4.1.2	prod
next-cms-sitecore-xmcloud	transitive	change-case@4.1.2	dev
next-cms-sitecore-xmcloud	transitive	change-case-all@1.0.14	dev
next-cms-sitecore-xmcloud	transitive	chardet@0.7.0	dev
next-cms-sitecore-xmcloud	direct	chokidar@3.5.3	prod
next-cms-sitecore-xmcloud	transitive	ci-info@4.4.0	dev
next-cms-sitecore-xmcloud	transitive	clean-stack@2.2.0	prod
next-cms-sitecore-xmcloud	transitive	cli@1.0.1	dev
next-cms-sitecore-xmcloud	transitive	cli-cursor@3.1.0	dev
next-cms-sitecore-xmcloud	transitive	cli-truncate@0.2.1	dev
next-cms-sitecore-xmcloud	transitive	cli-width@3.0.0	dev
next-cms-sitecore-xmcloud	transitive	client-only@0.0.1	prod
next-cms-sitecore-xmcloud	transitive	cliui@8.0.1	prod
next-cms-sitecore-xmcloud	transitive	clone-response@1.0.3	dev
next-cms-sitecore-xmcloud	transitive	code-point-at@1.1.0	dev
next-cms-sitecore-xmcloud	transitive	color-convert@1.9.3	prod
next-cms-sitecore-xmcloud	transitive	color-name@1.1.3	prod
next-cms-sitecore-xmcloud	transitive	combined-stream@1.0.8	prod
next-cms-sitecore-xmcloud	transitive	common-tags@1.8.0	dev
next-cms-sitecore-xmcloud	transitive	concat-map@0.0.1	prod
next-cms-sitecore-xmcloud	transitive	console-browserify@1.1.0	dev
next-cms-sitecore-xmcloud	direct	constant-case@3.0.4	dev
next-cms-sitecore-xmcloud	transitive	content-disposition@0.5.4	prod
next-cms-sitecore-xmcloud	transitive	content-type@1.0.5	prod
next-cms-sitecore-xmcloud	transitive	convert-source-map@1.9.0	dev
next-cms-sitecore-xmcloud	transitive	cookie@0.7.2	prod
next-cms-sitecore-xmcloud	transitive	cookie-signature@1.0.7	prod
next-cms-sitecore-xmcloud	transitive	core-util-is@1.0.3	prod
next-cms-sitecore-xmcloud	transitive	cosmiconfig@7.1.0	dev
next-cms-sitecore-xmcloud	transitive	cosmiconfig-toml-loader@1.0.0	dev
next-cms-sitecore-xmcloud	transitive	create-require@1.1.1	prod
next-cms-sitecore-xmcloud	direct	cross-env@7.0.3	dev
next-cms-sitecore-xmcloud	transitive	cross-fetch@3.0.6	prod
next-cms-sitecore-xmcloud	transitive	cross-spawn@7.0.6	dev
next-cms-sitecore-xmcloud	transitive	css-select@5.2.2	prod
next-cms-sitecore-xmcloud	transitive	css-what@6.2.2	prod
next-cms-sitecore-xmcloud	transitive	csstype@3.2.3	dev
next-cms-sitecore-xmcloud	transitive	damerau-levenshtein@1.0.8	dev
next-cms-sitecore-xmcloud	transitive	data-view-buffer@1.0.2	dev
next-cms-sitecore-xmcloud	transitive	data-view-byte-length@1.0.2	dev
next-cms-sitecore-xmcloud	transitive	data-view-byte-offset@1.0.1	dev
next-cms-sitecore-xmcloud	transitive	dataloader@2.0.0	dev
next-cms-sitecore-xmcloud	transitive	date-fns@1.30.1	dev
next-cms-sitecore-xmcloud	transitive	date-now@0.1.4	dev
next-cms-sitecore-xmcloud	transitive	debounce@1.2.1	dev
next-cms-sitecore-xmcloud	transitive	debug@4.4.3	prod
next-cms-sitecore-xmcloud	transitive	decamelize@1.2.0	dev
next-cms-sitecore-xmcloud	transitive	decompress-response@3.3.0	dev
next-cms-sitecore-xmcloud	transitive	deep-equal@2.2.3	prod
next-cms-sitecore-xmcloud	transitive	deep-extend@0.6.0	dev
next-cms-sitecore-xmcloud	transitive	deep-is@0.1.4	dev
next-cms-sitecore-xmcloud	transitive	defer-to-connect@1.1.3	dev
next-cms-sitecore-xmcloud	transitive	define-data-property@1.1.4	prod
next-cms-sitecore-xmcloud	transitive	define-properties@1.2.1	prod
next-cms-sitecore-xmcloud	transitive	del@6.1.1	prod
next-cms-sitecore-xmcloud	transitive	delayed-stream@1.0.0	prod
next-cms-sitecore-xmcloud	transitive	depd@2.0.0	prod
next-cms-sitecore-xmcloud	transitive	dependency-graph@0.11.0	dev
next-cms-sitecore-xmcloud	transitive	destroy@1.2.0	prod
next-cms-sitecore-xmcloud	transitive	detect-indent@6.1.0	dev
next-cms-sitecore-xmcloud	transitive	detect-libc@2.1.2	prod
next-cms-sitecore-xmcloud	transitive	diff@4.0.4	prod
next-cms-sitecore-xmcloud	transitive	dir-glob@3.0.1	prod
next-cms-sitecore-xmcloud	transitive	dlv@1.1.3	prod
next-cms-sitecore-xmcloud	transitive	doctrine@2.1.0	dev
next-cms-sitecore-xmcloud	transitive	dom-serializer@2.0.0	prod
next-cms-sitecore-xmcloud	transitive	domelementtype@2.3.0	prod
next-cms-sitecore-xmcloud	transitive	domhandler@5.0.3	prod
next-cms-sitecore-xmcloud	transitive	domutils@3.2.2	prod
next-cms-sitecore-xmcloud	transitive	dot-case@3.0.4	dev
next-cms-sitecore-xmcloud	direct	dotenv@16.6.1	dev
next-cms-sitecore-xmcloud	transitive	dotenv-expand@10.0.0	dev
next-cms-sitecore-xmcloud	transitive	dunder-proto@1.0.1	prod
next-cms-sitecore-xmcloud	transitive	duplexer3@0.1.5	dev
next-cms-sitecore-xmcloud	transitive	ecdsa-sig-formatter@1.0.11	dev
next-cms-sitecore-xmcloud	transitive	ee-first@1.1.1	prod
next-cms-sitecore-xmcloud	transitive	electron-to-chromium@1.5.405	dev
next-cms-sitecore-xmcloud	transitive	elegant-spinner@1.0.1	dev
next-cms-sitecore-xmcloud	transitive	emoji-regex@8.0.0	prod
next-cms-sitecore-xmcloud	transitive	emojis-list@3.0.0	dev
next-cms-sitecore-xmcloud	transitive	encodeurl@2.0.0	prod
next-cms-sitecore-xmcloud	transitive	encoding@	prod
next-cms-sitecore-xmcloud	transitive	end-of-stream@1.4.5	dev
next-cms-sitecore-xmcloud	transitive	entities@4.5.0	prod
next-cms-sitecore-xmcloud	transitive	error-ex@1.3.4	dev
next-cms-sitecore-xmcloud	transitive	es-abstract@1.24.2	dev
next-cms-sitecore-xmcloud	transitive	es-abstract-get@1.0.0	dev
next-cms-sitecore-xmcloud	transitive	es-define-property@1.0.1	prod
next-cms-sitecore-xmcloud	transitive	es-errors@1.3.0	prod
next-cms-sitecore-xmcloud	transitive	es-get-iterator@1.1.3	prod
next-cms-sitecore-xmcloud	transitive	es-iterator-helpers@1.4.0	dev
next-cms-sitecore-xmcloud	transitive	es-object-atoms@1.1.2	prod
next-cms-sitecore-xmcloud	transitive	es-set-tostringtag@2.1.0	prod
next-cms-sitecore-xmcloud	transitive	es-shim-unscopables@1.1.0	dev
next-cms-sitecore-xmcloud	transitive	es-to-primitive@1.3.4	dev
next-cms-sitecore-xmcloud	transitive	escalade@3.2.0	prod
next-cms-sitecore-xmcloud	transitive	escape-html@1.0.3	prod
next-cms-sitecore-xmcloud	transitive	escape-string-regexp@1.0.5	dev
next-cms-sitecore-xmcloud	direct	eslint@9.39.5	dev
next-cms-sitecore-xmcloud	direct	eslint-config-next@13.5.11	dev
next-cms-sitecore-xmcloud	direct	eslint-config-prettier@8.10.2	dev
next-cms-sitecore-xmcloud	transitive	eslint-import-resolver-node@0.3.10	dev
next-cms-sitecore-xmcloud	transitive	eslint-import-resolver-typescript@3.10.1	dev
next-cms-sitecore-xmcloud	transitive	eslint-module-utils@2.14.0	dev
next-cms-sitecore-xmcloud	transitive	eslint-plugin-import@2.32.0	dev
next-cms-sitecore-xmcloud	transitive	eslint-plugin-import-x@	dev
next-cms-sitecore-xmcloud	transitive	eslint-plugin-jsx-a11y@6.10.2	dev
next-cms-sitecore-xmcloud	direct	eslint-plugin-prettier@4.2.5	dev
next-cms-sitecore-xmcloud	transitive	eslint-plugin-react@7.37.5	dev
next-cms-sitecore-xmcloud	transitive	eslint-plugin-react-hooks@5.0.0-canary-7118f5dd7-20230705	dev
next-cms-sitecore-xmcloud	direct	eslint-plugin-yaml@0.5.0	dev
next-cms-sitecore-xmcloud	transitive	eslint-scope@5.1.1	dev
next-cms-sitecore-xmcloud	transitive	eslint-visitor-keys@3.4.3	dev
next-cms-sitecore-xmcloud	transitive	espree@10.4.0	dev
next-cms-sitecore-xmcloud	transitive	esprima@4.0.1	dev
next-cms-sitecore-xmcloud	transitive	esquery@1.7.0	dev
next-cms-sitecore-xmcloud	transitive	esrecurse@4.3.0	dev
next-cms-sitecore-xmcloud	transitive	estraverse@4.3.0	dev
next-cms-sitecore-xmcloud	transitive	esutils@2.0.3	dev
next-cms-sitecore-xmcloud	transitive	etag@1.8.1	prod
next-cms-sitecore-xmcloud	transitive	event-target-shim@5.0.1	dev
next-cms-sitecore-xmcloud	transitive	eventemitter3@3.1.2	dev
next-cms-sitecore-xmcloud	transitive	exit@0.1.2	dev
next-cms-sitecore-xmcloud	transitive	express@4.22.2	prod
next-cms-sitecore-xmcloud	transitive	external-editor@3.1.0	dev
next-cms-sitecore-xmcloud	transitive	extract-files@9.0.0	prod
next-cms-sitecore-xmcloud	transitive	fast-deep-equal@3.1.3	dev
next-cms-sitecore-xmcloud	transitive	fast-diff@1.3.0	dev
next-cms-sitecore-xmcloud	transitive	fast-glob@3.3.3	prod
next-cms-sitecore-xmcloud	transitive	fast-json-stable-stringify@2.1.0	dev
next-cms-sitecore-xmcloud	transitive	fast-levenshtein@2.0.6	dev
next-cms-sitecore-xmcloud	transitive	fastq@1.20.1	prod
next-cms-sitecore-xmcloud	transitive	fb-watchman@2.0.2	dev
next-cms-sitecore-xmcloud	transitive	fbjs@3.0.5	dev
next-cms-sitecore-xmcloud	transitive	fbjs-css-vars@1.0.2	dev
next-cms-sitecore-xmcloud	transitive	fdir@6.5.0	dev
next-cms-sitecore-xmcloud	transitive	figures@3.2.0	dev
next-cms-sitecore-xmcloud	transitive	file-entry-cache@8.0.0	dev
next-cms-sitecore-xmcloud	transitive	fill-range@7.1.1	prod
next-cms-sitecore-xmcloud	transitive	finalhandler@1.3.2	prod
next-cms-sitecore-xmcloud	transitive	find-up@4.1.0	dev
next-cms-sitecore-xmcloud	transitive	flat-cache@4.0.1	dev
next-cms-sitecore-xmcloud	transitive	flatted@3.4.4	dev
next-cms-sitecore-xmcloud	transitive	follow-redirects@1.16.0	prod
next-cms-sitecore-xmcloud	direct	font-awesome@4.7.0	prod
next-cms-sitecore-xmcloud	transitive	for-each@0.3.5	prod
next-cms-sitecore-xmcloud	transitive	form-data@3.0.5	prod
next-cms-sitecore-xmcloud	transitive	forwarded@0.2.0	prod
next-cms-sitecore-xmcloud	transitive	fresh@0.5.2	prod
next-cms-sitecore-xmcloud	transitive	fs-extra@11.4.0	prod
next-cms-sitecore-xmcloud	transitive	fs.realpath@1.0.0	prod
next-cms-sitecore-xmcloud	transitive	fsevents@	prod
next-cms-sitecore-xmcloud	transitive	function-bind@1.1.2	prod
next-cms-sitecore-xmcloud	transitive	function.prototype.name@1.2.0	dev
next-cms-sitecore-xmcloud	transitive	functions-have-names@1.2.3	prod
next-cms-sitecore-xmcloud	transitive	generator-function@2.0.1	dev
next-cms-sitecore-xmcloud	transitive	gensync@1.0.0-beta.2	dev
next-cms-sitecore-xmcloud	transitive	get-caller-file@2.0.5	prod
next-cms-sitecore-xmcloud	transitive	get-intrinsic@1.3.0	prod
next-cms-sitecore-xmcloud	transitive	get-package-type@0.1.0	dev
next-cms-sitecore-xmcloud	transitive	get-proto@1.0.1	prod
next-cms-sitecore-xmcloud	transitive	get-stream@5.2.0	dev
next-cms-sitecore-xmcloud	transitive	get-symbol-description@1.1.0	dev
next-cms-sitecore-xmcloud	transitive	get-tsconfig@4.14.2	dev
next-cms-sitecore-xmcloud	transitive	glob@7.2.3	prod
next-cms-sitecore-xmcloud	transitive	glob-parent@5.1.2	prod
next-cms-sitecore-xmcloud	transitive	glob-to-regexp@0.4.1	prod
next-cms-sitecore-xmcloud	transitive	globals@11.12.0	dev
next-cms-sitecore-xmcloud	transitive	globalthis@1.0.4	dev
next-cms-sitecore-xmcloud	transitive	globby@11.0.3	prod
next-cms-sitecore-xmcloud	transitive	gopd@1.2.0	prod
next-cms-sitecore-xmcloud	transitive	got@9.6.0	dev
next-cms-sitecore-xmcloud	transitive	graceful-fs@4.2.11	prod
next-cms-sitecore-xmcloud	transitive	graphemer@1.4.0	dev
next-cms-sitecore-xmcloud	direct	graphql@15.8.0	prod
next-cms-sitecore-xmcloud	transitive	graphql-config@3.4.1	dev
next-cms-sitecore-xmcloud	direct	graphql-let@0.18.6	dev
next-cms-sitecore-xmcloud	transitive	graphql-request@3.7.0	prod
next-cms-sitecore-xmcloud	direct	graphql-tag@2.12.7	prod
next-cms-sitecore-xmcloud	transitive	graphql-ws@4.9.0	dev
next-cms-sitecore-xmcloud	transitive	has-ansi@2.0.0	dev
next-cms-sitecore-xmcloud	transitive	has-bigints@1.1.0	prod
next-cms-sitecore-xmcloud	transitive	has-flag@3.0.0	prod
next-cms-sitecore-xmcloud	transitive	has-property-descriptors@1.0.2	prod
next-cms-sitecore-xmcloud	transitive	has-proto@1.2.0	dev
next-cms-sitecore-xmcloud	transitive	has-symbols@1.1.0	prod
next-cms-sitecore-xmcloud	transitive	has-tostringtag@1.0.2	prod
next-cms-sitecore-xmcloud	transitive	hasown@2.0.4	prod
next-cms-sitecore-xmcloud	transitive	he@1.2.0	prod
next-cms-sitecore-xmcloud	transitive	header-case@2.0.4	dev
next-cms-sitecore-xmcloud	transitive	heimdalljs@0.2.6	prod
next-cms-sitecore-xmcloud	transitive	hosted-git-info@2.8.9	dev
next-cms-sitecore-xmcloud	transitive	html-dom-parser@3.1.7	prod
next-cms-sitecore-xmcloud	transitive	html-react-parser@3.0.16	prod
next-cms-sitecore-xmcloud	transitive	htmlparser2@8.0.2	prod
next-cms-sitecore-xmcloud	transitive	http-cache-semantics@4.2.0	dev
next-cms-sitecore-xmcloud	transitive	http-errors@2.0.1	prod
next-cms-sitecore-xmcloud	transitive	http-proxy-agent@4.0.1	dev
next-cms-sitecore-xmcloud	transitive	https-proxy-agent@5.0.1	prod
next-cms-sitecore-xmcloud	transitive	iconv-lite@0.4.24	prod
next-cms-sitecore-xmcloud	transitive	ieee754@1.2.1	dev
next-cms-sitecore-xmcloud	transitive	ignore@5.3.2	prod
next-cms-sitecore-xmcloud	transitive	immediate@3.0.6	prod
next-cms-sitecore-xmcloud	transitive	immutable@3.7.6	prod
next-cms-sitecore-xmcloud	transitive	import-fresh@3.3.1	prod
next-cms-sitecore-xmcloud	transitive	import-from@4.0.0	dev
next-cms-sitecore-xmcloud	transitive	imurmurhash@0.1.4	dev
next-cms-sitecore-xmcloud	transitive	indent-string@3.2.0	prod
next-cms-sitecore-xmcloud	transitive	inflight@1.0.6	prod
next-cms-sitecore-xmcloud	transitive	inherits@2.0.4	prod
next-cms-sitecore-xmcloud	transitive	ini@1.3.8	dev
next-cms-sitecore-xmcloud	transitive	inline-style-parser@0.1.1	prod
next-cms-sitecore-xmcloud	transitive	inquirer@7.3.3	dev
next-cms-sitecore-xmcloud	transitive	internal-slot@1.1.0	prod
next-cms-sitecore-xmcloud	transitive	invariant@2.2.4	dev
next-cms-sitecore-xmcloud	transitive	ipaddr.js@1.9.1	prod
next-cms-sitecore-xmcloud	transitive	is-absolute@1.0.0	dev
next-cms-sitecore-xmcloud	transitive	is-arguments@1.2.0	prod
next-cms-sitecore-xmcloud	transitive	is-array-buffer@3.0.5	prod
next-cms-sitecore-xmcloud	transitive	is-arrayish@0.2.1	dev
next-cms-sitecore-xmcloud	transitive	is-async-function@2.1.1	dev
next-cms-sitecore-xmcloud	transitive	is-bigint@1.1.0	prod
next-cms-sitecore-xmcloud	transitive	is-binary-path@2.1.0	prod
next-cms-sitecore-xmcloud	transitive	is-boolean-object@1.2.2	prod
next-cms-sitecore-xmcloud	transitive	is-bun-module@2.0.0	dev
next-cms-sitecore-xmcloud	transitive	is-callable@1.2.7	prod
next-cms-sitecore-xmcloud	transitive	is-core-module@2.16.2	prod
next-cms-sitecore-xmcloud	transitive	is-data-view@1.0.2	dev
next-cms-sitecore-xmcloud	transitive	is-date-object@1.1.0	prod
next-cms-sitecore-xmcloud	transitive	is-document.all@1.0.0	dev
next-cms-sitecore-xmcloud	transitive	is-extglob@2.1.1	prod
next-cms-sitecore-xmcloud	transitive	is-finalizationregistry@1.1.1	dev
next-cms-sitecore-xmcloud	transitive	is-fullwidth-code-point@3.0.0	prod
next-cms-sitecore-xmcloud	transitive	is-generator-function@1.1.2	dev
next-cms-sitecore-xmcloud	transitive	is-glob@4.0.1	prod
next-cms-sitecore-xmcloud	transitive	is-lower-case@2.0.2	dev
next-cms-sitecore-xmcloud	transitive	is-map@2.0.3	prod
next-cms-sitecore-xmcloud	transitive	is-negative-zero@2.0.3	dev
next-cms-sitecore-xmcloud	transitive	is-number@7.0.0	prod
next-cms-sitecore-xmcloud	transitive	is-number-object@1.1.1	prod
next-cms-sitecore-xmcloud	transitive	is-observable@1.1.0	dev
next-cms-sitecore-xmcloud	transitive	is-path-cwd@2.2.0	prod
next-cms-sitecore-xmcloud	transitive	is-path-inside@3.0.3	prod
next-cms-sitecore-xmcloud	transitive	is-promise@4.0.0	dev
next-cms-sitecore-xmcloud	transitive	is-regex@1.2.1	prod
next-cms-sitecore-xmcloud	transitive	is-relative@1.0.0	dev
next-cms-sitecore-xmcloud	transitive	is-set@2.0.3	prod
next-cms-sitecore-xmcloud	transitive	is-shared-array-buffer@1.0.4	prod
next-cms-sitecore-xmcloud	transitive	is-stream@1.1.0	dev
next-cms-sitecore-xmcloud	transitive	is-string@1.1.1	prod
next-cms-sitecore-xmcloud	transitive	is-symbol@1.1.1	prod
next-cms-sitecore-xmcloud	transitive	is-typed-array@1.1.15	dev
next-cms-sitecore-xmcloud	transitive	is-unc-path@1.0.0	dev
next-cms-sitecore-xmcloud	transitive	is-unicode-supported@0.1.0	dev
next-cms-sitecore-xmcloud	transitive	is-upper-case@2.0.2	dev
next-cms-sitecore-xmcloud	transitive	is-weakmap@2.0.2	prod
next-cms-sitecore-xmcloud	transitive	is-weakref@1.1.1	dev
next-cms-sitecore-xmcloud	transitive	is-weakset@2.0.4	prod
next-cms-sitecore-xmcloud	transitive	is-windows@1.0.2	dev
next-cms-sitecore-xmcloud	transitive	isarray@2.0.5	prod
next-cms-sitecore-xmcloud	transitive	isexe@2.0.0	dev
next-cms-sitecore-xmcloud	transitive	isomorphic-fetch@3.0.0	dev
next-cms-sitecore-xmcloud	transitive	isomorphic-ws@4.0.1	dev
next-cms-sitecore-xmcloud	transitive	istanbul-lib-coverage@3.2.2	dev
next-cms-sitecore-xmcloud	transitive	istanbul-lib-instrument@6.0.3	dev
next-cms-sitecore-xmcloud	transitive	iterall@1.3.0	dev
next-cms-sitecore-xmcloud	transitive	iterator.prototype@1.1.5	dev
next-cms-sitecore-xmcloud	transitive	javascript-stringify@2.1.0	dev
next-cms-sitecore-xmcloud	transitive	jest-haste-map@30.4.1	dev
next-cms-sitecore-xmcloud	transitive	jest-regex-util@30.4.0	dev
next-cms-sitecore-xmcloud	transitive	jest-util@30.4.1	dev
next-cms-sitecore-xmcloud	transitive	jest-worker@30.4.1	dev
next-cms-sitecore-xmcloud	transitive	jiti@	dev
next-cms-sitecore-xmcloud	transitive	joi@17.13.4	prod
next-cms-sitecore-xmcloud	transitive	js-tokens@4.0.0	prod
next-cms-sitecore-xmcloud	transitive	js-yaml@4.3.1	prod
next-cms-sitecore-xmcloud	transitive	jsesc@3.1.0	dev
next-cms-sitecore-xmcloud	transitive	jshint@2.13.6	dev
next-cms-sitecore-xmcloud	transitive	json-buffer@3.0.0	dev
next-cms-sitecore-xmcloud	transitive	json-parse-better-errors@1.0.2	dev
next-cms-sitecore-xmcloud	transitive	json-parse-even-better-errors@2.3.1	dev
next-cms-sitecore-xmcloud	transitive	json-schema-traverse@0.4.1	dev
next-cms-sitecore-xmcloud	transitive	json-stable-stringify@1.3.0	dev
next-cms-sitecore-xmcloud	transitive	json-stable-stringify-without-jsonify@1.0.1	dev
next-cms-sitecore-xmcloud	transitive	json-to-pretty-yaml@1.2.2	dev
next-cms-sitecore-xmcloud	transitive	json5@1.0.2	dev
next-cms-sitecore-xmcloud	transitive	jsonfile@6.2.1	prod
next-cms-sitecore-xmcloud	transitive	jsonify@0.0.1	dev
next-cms-sitecore-xmcloud	transitive	jsonwebtoken@8.5.1	dev
next-cms-sitecore-xmcloud	transitive	jsx-ast-utils@3.3.5	dev
next-cms-sitecore-xmcloud	transitive	jszip@3.10.1	prod
next-cms-sitecore-xmcloud	transitive	jwa@1.4.2	dev
next-cms-sitecore-xmcloud	transitive	jws@3.2.3	dev
next-cms-sitecore-xmcloud	transitive	keyv@3.1.0	dev
next-cms-sitecore-xmcloud	transitive	language-subtag-registry@0.3.23	dev
next-cms-sitecore-xmcloud	transitive	language-tags@1.0.9	dev
next-cms-sitecore-xmcloud	transitive	latest-version@5.1.0	dev
next-cms-sitecore-xmcloud	transitive	levn@0.4.1	dev
next-cms-sitecore-xmcloud	transitive	lie@3.3.0	prod
next-cms-sitecore-xmcloud	transitive	lines-and-columns@1.2.4	dev
next-cms-sitecore-xmcloud	transitive	listr@0.14.3	dev
next-cms-sitecore-xmcloud	transitive	listr-silent-renderer@1.1.1	dev
next-cms-sitecore-xmcloud	transitive	listr-update-renderer@0.5.0	dev
next-cms-sitecore-xmcloud	transitive	listr-verbose-renderer@0.5.0	dev
next-cms-sitecore-xmcloud	transitive	load-json-file@4.0.0	dev
next-cms-sitecore-xmcloud	transitive	loader-utils@2.0.0	dev
next-cms-sitecore-xmcloud	transitive	locate-path@5.0.0	dev
next-cms-sitecore-xmcloud	transitive	lodash@4.17.23	dev
next-cms-sitecore-xmcloud	transitive	lodash.get@4.4.2	dev
next-cms-sitecore-xmcloud	transitive	lodash.includes@4.3.0	dev
next-cms-sitecore-xmcloud	transitive	lodash.isboolean@3.0.3	dev
next-cms-sitecore-xmcloud	transitive	lodash.isinteger@4.0.4	dev
next-cms-sitecore-xmcloud	transitive	lodash.isnumber@3.0.3	dev
next-cms-sitecore-xmcloud	transitive	lodash.isplainobject@4.0.6	dev
next-cms-sitecore-xmcloud	transitive	lodash.isstring@4.0.1	dev
next-cms-sitecore-xmcloud	transitive	lodash.merge@4.6.2	dev
next-cms-sitecore-xmcloud	transitive	lodash.once@4.1.1	dev
next-cms-sitecore-xmcloud	transitive	lodash.unescape@4.0.1	prod
next-cms-sitecore-xmcloud	transitive	log-symbols@1.0.2	dev
next-cms-sitecore-xmcloud	transitive	log-update@2.3.0	dev
next-cms-sitecore-xmcloud	transitive	loose-envify@1.4.0	prod
next-cms-sitecore-xmcloud	transitive	lower-case@2.0.2	dev
next-cms-sitecore-xmcloud	transitive	lower-case-first@2.0.2	dev
next-cms-sitecore-xmcloud	transitive	lowercase-keys@2.0.0	dev
next-cms-sitecore-xmcloud	transitive	lru-cache@5.1.1	dev
next-cms-sitecore-xmcloud	transitive	make-dir@3.1.0	dev
next-cms-sitecore-xmcloud	transitive	make-error@1.3.6	prod
next-cms-sitecore-xmcloud	transitive	makeerror@1.0.12	dev
next-cms-sitecore-xmcloud	transitive	map-cache@0.2.2	dev
next-cms-sitecore-xmcloud	transitive	math-intrinsics@1.1.0	prod
next-cms-sitecore-xmcloud	transitive	media-typer@0.3.0	prod
next-cms-sitecore-xmcloud	transitive	memory-cache@0.2.0	prod
next-cms-sitecore-xmcloud	transitive	memorystream@0.3.1	dev
next-cms-sitecore-xmcloud	transitive	merge-descriptors@1.0.3	prod
next-cms-sitecore-xmcloud	transitive	merge-stream@2.0.0	dev
next-cms-sitecore-xmcloud	transitive	merge2@1.4.1	prod
next-cms-sitecore-xmcloud	transitive	meros@1.1.4	dev
next-cms-sitecore-xmcloud	transitive	methods@1.1.2	prod
next-cms-sitecore-xmcloud	transitive	micromatch@4.0.8	prod
next-cms-sitecore-xmcloud	transitive	mime@1.6.0	prod
next-cms-sitecore-xmcloud	transitive	mime-db@1.52.0	prod
next-cms-sitecore-xmcloud	transitive	mime-types@2.1.35	prod
next-cms-sitecore-xmcloud	transitive	mimic-fn@2.1.0	dev
next-cms-sitecore-xmcloud	transitive	mimic-response@1.0.1	dev
next-cms-sitecore-xmcloud	transitive	minimatch@3.1.5	prod
next-cms-sitecore-xmcloud	transitive	minimist@1.2.5	prod
next-cms-sitecore-xmcloud	transitive	mkdirp@1.0.4	prod
next-cms-sitecore-xmcloud	transitive	module-alias@2.3.4	prod
next-cms-sitecore-xmcloud	transitive	ms@2.1.3	prod
next-cms-sitecore-xmcloud	transitive	mute-stream@0.0.8	dev
next-cms-sitecore-xmcloud	transitive	nanoid@3.3.18	prod
next-cms-sitecore-xmcloud	transitive	napi-postinstall@0.3.4	dev
next-cms-sitecore-xmcloud	transitive	natural-compare@1.4.0	dev
next-cms-sitecore-xmcloud	transitive	natural-compare-lite@1.4.0	dev
next-cms-sitecore-xmcloud	transitive	negotiator@0.6.3	prod
next-cms-sitecore-xmcloud	direct	next@13.5.11	prod
next-cms-sitecore-xmcloud	direct	next-localization@0.12.0	prod
next-cms-sitecore-xmcloud	transitive	nice-try@1.0.5	dev
next-cms-sitecore-xmcloud	transitive	no-case@3.0.4	dev
next-cms-sitecore-xmcloud	transitive	node-addon-api@7.1.1	prod
next-cms-sitecore-xmcloud	transitive	node-exports-info@1.6.2	dev
next-cms-sitecore-xmcloud	transitive	node-fetch@2.6.1	prod
next-cms-sitecore-xmcloud	transitive	node-html-parser@6.1.13	prod
next-cms-sitecore-xmcloud	transitive	node-int64@0.4.0	dev
next-cms-sitecore-xmcloud	transitive	node-releases@2.0.53	dev
next-cms-sitecore-xmcloud	transitive	normalize-package-data@2.5.0	dev
next-cms-sitecore-xmcloud	transitive	normalize-path@2.1.1	prod
next-cms-sitecore-xmcloud	transitive	normalize-url@4.5.1	dev
next-cms-sitecore-xmcloud	direct	npm-run-all@4.1.5	dev
next-cms-sitecore-xmcloud	transitive	nth-check@2.1.1	prod
next-cms-sitecore-xmcloud	transitive	nullthrows@1.1.1	dev
next-cms-sitecore-xmcloud	transitive	number-is-nan@1.0.1	dev
next-cms-sitecore-xmcloud	transitive	object-assign@4.1.1	prod
next-cms-sitecore-xmcloud	transitive	object-inspect@1.13.4	prod
next-cms-sitecore-xmcloud	transitive	object-is@1.1.6	prod
next-cms-sitecore-xmcloud	transitive	object-keys@1.1.1	prod
next-cms-sitecore-xmcloud	transitive	object.assign@4.1.7	prod
next-cms-sitecore-xmcloud	transitive	object.entries@1.1.9	dev
next-cms-sitecore-xmcloud	transitive	object.fromentries@2.0.8	dev
next-cms-sitecore-xmcloud	transitive	object.groupby@1.0.3	dev
next-cms-sitecore-xmcloud	transitive	object.values@1.2.1	dev
next-cms-sitecore-xmcloud	transitive	on-finished@2.4.1	prod
next-cms-sitecore-xmcloud	transitive	once@1.4.0	prod
next-cms-sitecore-xmcloud	transitive	onetime@5.1.2	dev
next-cms-sitecore-xmcloud	transitive	optionator@0.9.4	dev
next-cms-sitecore-xmcloud	transitive	os-tmpdir@1.0.2	dev
next-cms-sitecore-xmcloud	transitive	own-keys@1.0.2	dev
next-cms-sitecore-xmcloud	transitive	p-cancelable@1.1.0	dev
next-cms-sitecore-xmcloud	transitive	p-limit@3.1.0	dev
next-cms-sitecore-xmcloud	transitive	p-locate@4.1.0	dev
next-cms-sitecore-xmcloud	transitive	p-map@2.1.0	prod
next-cms-sitecore-xmcloud	transitive	p-try@2.2.0	dev
next-cms-sitecore-xmcloud	transitive	package-json@6.5.0	dev
next-cms-sitecore-xmcloud	transitive	pako@1.0.11	prod
next-cms-sitecore-xmcloud	transitive	param-case@3.0.4	dev
next-cms-sitecore-xmcloud	transitive	parent-module@1.0.1	prod
next-cms-sitecore-xmcloud	transitive	parse-filepath@1.0.2	dev
next-cms-sitecore-xmcloud	transitive	parse-json@5.2.0	dev
next-cms-sitecore-xmcloud	transitive	parseurl@1.3.3	prod
next-cms-sitecore-xmcloud	transitive	pascal-case@3.1.2	dev
next-cms-sitecore-xmcloud	transitive	path-case@3.0.4	dev
next-cms-sitecore-xmcloud	transitive	path-exists@4.0.0	dev
next-cms-sitecore-xmcloud	transitive	path-is-absolute@1.0.1	prod
next-cms-sitecore-xmcloud	transitive	path-key@3.1.1	dev
next-cms-sitecore-xmcloud	transitive	path-parse@1.0.7	prod
next-cms-sitecore-xmcloud	transitive	path-root@0.1.1	dev
next-cms-sitecore-xmcloud	transitive	path-root-regex@0.1.2	dev
next-cms-sitecore-xmcloud	transitive	path-to-regexp@0.1.13	prod
next-cms-sitecore-xmcloud	transitive	path-type@4.0.0	prod
next-cms-sitecore-xmcloud	transitive	picocolors@1.1.1	prod
next-cms-sitecore-xmcloud	transitive	picomatch@2.3.2	prod
next-cms-sitecore-xmcloud	transitive	pidtree@0.3.1	dev
next-cms-sitecore-xmcloud	transitive	pify@3.0.0	dev
next-cms-sitecore-xmcloud	transitive	pirates@4.0.7	dev
next-cms-sitecore-xmcloud	transitive	possible-typed-array-names@1.1.0	prod
next-cms-sitecore-xmcloud	transitive	postcss@8.4.31	prod
next-cms-sitecore-xmcloud	transitive	prelude-ls@1.2.1	dev
next-cms-sitecore-xmcloud	transitive	prepend-http@2.0.0	dev
next-cms-sitecore-xmcloud	direct	prettier@2.8.8	dev
next-cms-sitecore-xmcloud	transitive	prettier-linter-helpers@1.0.1	dev
next-cms-sitecore-xmcloud	transitive	process-nextick-args@2.0.1	prod
next-cms-sitecore-xmcloud	transitive	promise@7.3.1	dev
next-cms-sitecore-xmcloud	transitive	prop-types@15.8.1	prod
next-cms-sitecore-xmcloud	transitive	proxy-addr@2.0.7	prod
next-cms-sitecore-xmcloud	transitive	proxy-from-env@2.1.0	prod
next-cms-sitecore-xmcloud	transitive	pump@3.0.4	dev
next-cms-sitecore-xmcloud	transitive	punycode@2.3.1	dev
next-cms-sitecore-xmcloud	transitive	qs@6.15.3	prod
next-cms-sitecore-xmcloud	transitive	querystringify@2.2.0	prod
next-cms-sitecore-xmcloud	transitive	queue-microtask@1.2.3	prod
next-cms-sitecore-xmcloud	transitive	range-parser@1.2.1	prod
next-cms-sitecore-xmcloud	transitive	raw-body@2.5.3	prod
next-cms-sitecore-xmcloud	transitive	rc@1.2.8	dev
next-cms-sitecore-xmcloud	direct	react@18.3.1	prod
next-cms-sitecore-xmcloud	direct	react-dom@18.3.1	prod
next-cms-sitecore-xmcloud	transitive	react-is@16.13.1	prod
next-cms-sitecore-xmcloud	transitive	react-property@2.0.0	prod
next-cms-sitecore-xmcloud	transitive	read-pkg@3.0.0	dev
next-cms-sitecore-xmcloud	transitive	readable-stream@2.3.8	prod
next-cms-sitecore-xmcloud	transitive	readdirp@3.6.0	prod
next-cms-sitecore-xmcloud	transitive	readline-sync@1.4.10	prod
next-cms-sitecore-xmcloud	transitive	reflect.getprototypeof@1.0.10	dev
next-cms-sitecore-xmcloud	transitive	regex-parser@2.3.1	prod
next-cms-sitecore-xmcloud	transitive	regexp.prototype.flags@1.5.4	prod
next-cms-sitecore-xmcloud	transitive	registry-auth-token@4.2.2	dev
next-cms-sitecore-xmcloud	transitive	registry-url@5.1.0	dev
next-cms-sitecore-xmcloud	transitive	relay-runtime@12.0.0	dev
next-cms-sitecore-xmcloud	transitive	remedial@1.0.8	dev
next-cms-sitecore-xmcloud	transitive	remove-trailing-separator@1.1.0	dev
next-cms-sitecore-xmcloud	transitive	remove-trailing-spaces@1.0.9	dev
next-cms-sitecore-xmcloud	transitive	replaceall@0.1.6	dev
next-cms-sitecore-xmcloud	transitive	require-directory@2.1.1	prod
next-cms-sitecore-xmcloud	transitive	require-main-filename@2.0.0	dev
next-cms-sitecore-xmcloud	transitive	requires-port@1.0.0	prod
next-cms-sitecore-xmcloud	transitive	resolve@1.22.12	prod
next-cms-sitecore-xmcloud	transitive	resolve-from@5.0.0	prod
next-cms-sitecore-xmcloud	transitive	resolve-pkg-maps@1.0.0	dev
next-cms-sitecore-xmcloud	transitive	responselike@1.0.2	dev
next-cms-sitecore-xmcloud	transitive	restore-cursor@3.1.0	dev
next-cms-sitecore-xmcloud	transitive	reusify@1.1.0	prod
next-cms-sitecore-xmcloud	transitive	rimraf@3.0.2	prod
next-cms-sitecore-xmcloud	transitive	rosetta@1.1.0	prod
next-cms-sitecore-xmcloud	transitive	rsvp@3.2.1	prod
next-cms-sitecore-xmcloud	transitive	run-async@2.4.1	dev
next-cms-sitecore-xmcloud	transitive	run-parallel@1.2.0	prod
next-cms-sitecore-xmcloud	transitive	rxjs@6.6.7	dev
next-cms-sitecore-xmcloud	transitive	safe-array-concat@1.1.4	dev
next-cms-sitecore-xmcloud	transitive	safe-buffer@5.2.1	prod
next-cms-sitecore-xmcloud	transitive	safe-push-apply@1.0.0	dev
next-cms-sitecore-xmcloud	transitive	safe-regex-test@1.1.0	prod
next-cms-sitecore-xmcloud	transitive	safer-buffer@2.1.2	prod
next-cms-sitecore-xmcloud	direct	sass@1.102.0	prod
next-cms-sitecore-xmcloud	direct	sass-alias@1.0.5	dev
next-cms-sitecore-xmcloud	transitive	scheduler@0.23.2	prod
next-cms-sitecore-xmcloud	transitive	schema-utils@3.0.0	dev
next-cms-sitecore-xmcloud	transitive	scuid@1.1.0	dev
next-cms-sitecore-xmcloud	transitive	semver@5.7.2	dev
next-cms-sitecore-xmcloud	transitive	send@0.19.2	prod
next-cms-sitecore-xmcloud	transitive	sentence-case@3.0.4	dev
next-cms-sitecore-xmcloud	transitive	serve-static@1.16.3	prod
next-cms-sitecore-xmcloud	transitive	set-blocking@2.0.0	dev
next-cms-sitecore-xmcloud	transitive	set-function-length@1.2.2	prod
next-cms-sitecore-xmcloud	transitive	set-function-name@2.0.2	prod
next-cms-sitecore-xmcloud	transitive	set-proto@1.0.0	dev
next-cms-sitecore-xmcloud	transitive	setimmediate@1.0.5	prod
next-cms-sitecore-xmcloud	transitive	setprototypeof@1.2.0	prod
next-cms-sitecore-xmcloud	transitive	shebang-command@2.0.0	dev
next-cms-sitecore-xmcloud	transitive	shebang-regex@3.0.0	dev
next-cms-sitecore-xmcloud	transitive	shell-quote@1.10.0	dev
next-cms-sitecore-xmcloud	transitive	side-channel@1.1.1	prod
next-cms-sitecore-xmcloud	transitive	side-channel-list@1.0.1	prod
next-cms-sitecore-xmcloud	transitive	side-channel-map@1.0.1	prod
next-cms-sitecore-xmcloud	transitive	side-channel-weakmap@1.0.2	prod
next-cms-sitecore-xmcloud	transitive	signal-exit@3.0.7	dev
next-cms-sitecore-xmcloud	transitive	signedsource@1.0.0	dev
next-cms-sitecore-xmcloud	transitive	slash@3.0.0	prod
next-cms-sitecore-xmcloud	transitive	slice-ansi@0.0.4	dev
next-cms-sitecore-xmcloud	transitive	snake-case@3.0.4	dev
next-cms-sitecore-xmcloud	transitive	source-map@0.6.1	dev
next-cms-sitecore-xmcloud	transitive	source-map-js@1.2.1	prod
next-cms-sitecore-xmcloud	transitive	source-map-support@0.5.21	dev
next-cms-sitecore-xmcloud	transitive	spdx-correct@3.2.0	dev
next-cms-sitecore-xmcloud	transitive	spdx-exceptions@2.5.0	dev
next-cms-sitecore-xmcloud	transitive	spdx-expression-parse@3.0.1	dev
next-cms-sitecore-xmcloud	transitive	spdx-license-ids@3.0.23	dev
next-cms-sitecore-xmcloud	transitive	sponge-case@1.0.1	dev
next-cms-sitecore-xmcloud	transitive	sprintf-js@1.0.3	dev
next-cms-sitecore-xmcloud	transitive	stable-hash@0.0.5	dev
next-cms-sitecore-xmcloud	transitive	statuses@2.0.2	prod
next-cms-sitecore-xmcloud	transitive	stop-iteration-iterator@1.1.0	prod
next-cms-sitecore-xmcloud	transitive	streamsearch@1.1.0	prod
next-cms-sitecore-xmcloud	transitive	string-env-interpolation@1.0.1	dev
next-cms-sitecore-xmcloud	transitive	string-width@4.2.3	prod
next-cms-sitecore-xmcloud	transitive	string.prototype.includes@2.0.1	dev
next-cms-sitecore-xmcloud	transitive	string.prototype.matchall@4.0.12	dev
next-cms-sitecore-xmcloud	transitive	string.prototype.padend@3.1.6	dev
next-cms-sitecore-xmcloud	transitive	string.prototype.repeat@1.0.0	dev
next-cms-sitecore-xmcloud	transitive	string.prototype.trim@1.2.11	dev
next-cms-sitecore-xmcloud	transitive	string.prototype.trimend@1.0.10	dev
next-cms-sitecore-xmcloud	transitive	string.prototype.trimstart@1.0.8	dev
next-cms-sitecore-xmcloud	transitive	string_decoder@1.1.1	prod
next-cms-sitecore-xmcloud	transitive	strip-ansi@6.0.1	prod
next-cms-sitecore-xmcloud	transitive	strip-bom@3.0.0	dev
next-cms-sitecore-xmcloud	transitive	strip-json-comments@2.0.1	dev
next-cms-sitecore-xmcloud	transitive	style-attr@1.3.0	prod
next-cms-sitecore-xmcloud	transitive	style-to-js@1.1.3	prod
next-cms-sitecore-xmcloud	transitive	style-to-object@0.4.1	prod
next-cms-sitecore-xmcloud	transitive	styled-jsx@5.1.1	prod
next-cms-sitecore-xmcloud	transitive	subscriptions-transport-ws@0.9.19	dev
next-cms-sitecore-xmcloud	transitive	supports-color@2.0.0	prod
next-cms-sitecore-xmcloud	transitive	supports-preserve-symlinks-flag@1.0.0	prod
next-cms-sitecore-xmcloud	transitive	swap-case@2.0.2	dev
next-cms-sitecore-xmcloud	transitive	symbol-observable@1.2.0	dev
next-cms-sitecore-xmcloud	transitive	sync-disk-cache@2.1.0	prod
next-cms-sitecore-xmcloud	transitive	sync-fetch@0.3.0	dev
next-cms-sitecore-xmcloud	transitive	templite@1.2.0	prod
next-cms-sitecore-xmcloud	transitive	test-exclude@6.0.0	dev
next-cms-sitecore-xmcloud	transitive	through@2.3.8	dev
next-cms-sitecore-xmcloud	transitive	tinyglobby@0.2.17	dev
next-cms-sitecore-xmcloud	transitive	title-case@3.0.3	dev
next-cms-sitecore-xmcloud	transitive	tmp@0.0.33	dev
next-cms-sitecore-xmcloud	transitive	tmpl@1.0.5	dev
next-cms-sitecore-xmcloud	transitive	to-fast-properties@2.0.0	dev
next-cms-sitecore-xmcloud	transitive	to-readable-stream@1.0.0	dev
next-cms-sitecore-xmcloud	transitive	to-regex-range@5.0.1	prod
next-cms-sitecore-xmcloud	transitive	toidentifier@1.0.1	prod
next-cms-sitecore-xmcloud	transitive	tr46@0.0.3	prod
next-cms-sitecore-xmcloud	transitive	ts-log@2.2.7	dev
next-cms-sitecore-xmcloud	direct	ts-node@10.9.2	prod
next-cms-sitecore-xmcloud	direct	tsconfig-paths@4.2.0	dev
next-cms-sitecore-xmcloud	transitive	tslib@2.3.1	prod
next-cms-sitecore-xmcloud	transitive	tsutils@3.21.0	dev
next-cms-sitecore-xmcloud	transitive	type-check@0.4.0	dev
next-cms-sitecore-xmcloud	transitive	type-fest@0.21.3	dev
next-cms-sitecore-xmcloud	transitive	type-is@1.6.18	prod
next-cms-sitecore-xmcloud	transitive	typed-array-buffer@1.0.3	dev
next-cms-sitecore-xmcloud	transitive	typed-array-byte-length@1.0.3	dev
next-cms-sitecore-xmcloud	transitive	typed-array-byte-offset@1.0.4	dev
next-cms-sitecore-xmcloud	transitive	typed-array-length@1.0.8	dev
next-cms-sitecore-xmcloud	direct	typescript@4.9.5	prod
next-cms-sitecore-xmcloud	transitive	ua-parser-js@1.0.41	dev
next-cms-sitecore-xmcloud	transitive	unbox-primitive@1.1.0	dev
next-cms-sitecore-xmcloud	transitive	unc-path-regex@0.1.2	dev
next-cms-sitecore-xmcloud	transitive	undici-types@5.26.5	prod
next-cms-sitecore-xmcloud	transitive	universalify@2.0.1	prod
next-cms-sitecore-xmcloud	transitive	unixify@1.0.0	dev
next-cms-sitecore-xmcloud	transitive	unpipe@1.0.0	prod
next-cms-sitecore-xmcloud	transitive	unrs-resolver@1.12.2	dev
next-cms-sitecore-xmcloud	transitive	update-browserslist-db@1.3.1	dev
next-cms-sitecore-xmcloud	transitive	upper-case@2.0.2	dev
next-cms-sitecore-xmcloud	transitive	upper-case-first@2.0.2	dev
next-cms-sitecore-xmcloud	transitive	uri-js@4.4.1	dev
next-cms-sitecore-xmcloud	transitive	url-join@4.0.1	prod
next-cms-sitecore-xmcloud	transitive	url-parse@1.5.10	prod
next-cms-sitecore-xmcloud	transitive	url-parse-lax@3.0.0	dev
next-cms-sitecore-xmcloud	transitive	username-sync@1.0.3	prod
next-cms-sitecore-xmcloud	transitive	utf-8-validate@	dev
next-cms-sitecore-xmcloud	transitive	util-deprecate@1.0.2	prod
next-cms-sitecore-xmcloud	transitive	utils-merge@1.0.1	prod
next-cms-sitecore-xmcloud	transitive	uuid@9.0.1	prod
next-cms-sitecore-xmcloud	transitive	v8-compile-cache-lib@3.0.1	prod
next-cms-sitecore-xmcloud	transitive	valid-url@1.0.9	dev
next-cms-sitecore-xmcloud	transitive	validate-npm-package-license@3.0.4	dev
next-cms-sitecore-xmcloud	transitive	value-or-promise@1.0.11	dev
next-cms-sitecore-xmcloud	transitive	vary@1.1.2	prod
next-cms-sitecore-xmcloud	transitive	walker@1.0.8	dev
next-cms-sitecore-xmcloud	transitive	watchpack@2.4.0	prod
next-cms-sitecore-xmcloud	transitive	webidl-conversions@3.0.1	prod
next-cms-sitecore-xmcloud	transitive	whatwg-fetch@3.6.20	dev
next-cms-sitecore-xmcloud	transitive	whatwg-url@5.0.0	prod
next-cms-sitecore-xmcloud	transitive	which@2.0.2	dev
next-cms-sitecore-xmcloud	transitive	which-boxed-primitive@1.1.1	prod
next-cms-sitecore-xmcloud	transitive	which-builtin-type@1.2.1	dev
next-cms-sitecore-xmcloud	transitive	which-collection@1.0.2	prod
next-cms-sitecore-xmcloud	transitive	which-module@2.0.1	dev
next-cms-sitecore-xmcloud	transitive	which-typed-array@1.1.22	prod
next-cms-sitecore-xmcloud	transitive	word-wrap@1.2.5	dev
next-cms-sitecore-xmcloud	transitive	wrap-ansi@3.0.1	prod
next-cms-sitecore-xmcloud	transitive	wrappy@1.0.2	prod
next-cms-sitecore-xmcloud	transitive	write-file-atomic@5.0.1	dev
next-cms-sitecore-xmcloud	transitive	ws@7.4.5	dev
next-cms-sitecore-xmcloud	transitive	y18n@5.0.8	prod
next-cms-sitecore-xmcloud	transitive	yallist@3.1.1	dev
next-cms-sitecore-xmcloud	transitive	yaml@1.10.3	dev
next-cms-sitecore-xmcloud	transitive	yaml-ast-parser@0.0.43	dev
next-cms-sitecore-xmcloud	direct	yaml-loader@0.8.1	dev
next-cms-sitecore-xmcloud	transitive	yargs@17.7.3	prod
next-cms-sitecore-xmcloud	transitive	yargs-parser@21.1.1	prod
next-cms-sitecore-xmcloud	transitive	yn@3.1.1	prod
next-cms-sitecore-xmcloud	transitive	yocto-queue@0.1.0	dev
