:	direct	com.github.ben-manes.caffeine:caffeine:3.2.4	dev
:	direct	com.github.ben-manes.caffeine:caffeine:3.2.4	prod
:	direct	com.h2database:h2:2.4.240	dev
:	direct	com.h2database:h2:2.4.240	prod
:	direct	com.mysql:mysql-connector-j:9.7.0	dev
:	direct	com.mysql:mysql-connector-j:9.7.0	prod
:	direct	jakarta.xml.bind:jakarta.xml.bind-api:4.0.5	dev
:	direct	jakarta.xml.bind:jakarta.xml.bind-api:4.0.5	prod
:	direct	javax.cache:cache-api:1.1.1	dev
:	direct	javax.cache:cache-api:1.1.1	prod
:	direct	org.junit.platform:junit-platform-launcher:6.0.3	dev
:	direct	org.postgresql:postgresql:42.7.11	dev
:	direct	org.postgresql:postgresql:42.7.11	prod
:	direct	org.springframework.boot:spring-boot-dependencies:4.1.0	dev
:	direct	org.springframework.boot:spring-boot-devtools:4.1.0	prod
:	direct	org.springframework.boot:spring-boot-docker-compose:4.1.0	dev
:	direct	org.springframework.boot:spring-boot-starter-actuator:4.1.0	dev
:	direct	org.springframework.boot:spring-boot-starter-actuator:4.1.0	prod
:	direct	org.springframework.boot:spring-boot-starter-cache:4.1.0	dev
:	direct	org.springframework.boot:spring-boot-starter-cache:4.1.0	prod
:	direct	org.springframework.boot:spring-boot-starter-data-jpa-test:4.1.0	dev
:	direct	org.springframework.boot:spring-boot-starter-data-jpa:4.1.0	dev
:	direct	org.springframework.boot:spring-boot-starter-data-jpa:4.1.0	prod
:	direct	org.springframework.boot:spring-boot-starter-restclient-test:4.1.0	dev
:	direct	org.springframework.boot:spring-boot-starter-thymeleaf:4.1.0	dev
:	direct	org.springframework.boot:spring-boot-starter-thymeleaf:4.1.0	prod
:	direct	org.springframework.boot:spring-boot-starter-validation:4.1.0	dev
:	direct	org.springframework.boot:spring-boot-starter-validation:4.1.0	prod
:	direct	org.springframework.boot:spring-boot-starter-webmvc-test:4.1.0	dev
:	direct	org.springframework.boot:spring-boot-starter-webmvc:4.1.0	dev
:	direct	org.springframework.boot:spring-boot-starter-webmvc:4.1.0	prod
:	direct	org.springframework.boot:spring-boot-testcontainers:4.1.0	dev
:	direct	org.testcontainers:testcontainers-junit-jupiter:2.0.5	dev
:	direct	org.testcontainers:testcontainers-mysql:2.0.5	dev
:	direct	org.webjars.npm:bootstrap:5.3.8	dev
:	direct	org.webjars.npm:bootstrap:5.3.8	prod
:	direct	org.webjars.npm:font-awesome:4.7.0	dev
:	direct	org.webjars.npm:font-awesome:4.7.0	prod
:	direct	org.webjars:webjars-locator-lite:1.1.3	dev
:	direct	org.webjars:webjars-locator-lite:1.1.3	prod
:	transitive	biz.aQute.bnd:biz.aQute.bnd.annotation:7.1.0	dev
:	transitive	biz.aQute.bnd:biz.aQute.bnd.annotation:7.1.0	prod
:	transitive	ch.qos.logback:logback-classic:1.5.34	dev
:	transitive	ch.qos.logback:logback-classic:1.5.34	prod
:	transitive	ch.qos.logback:logback-core:1.5.34	dev
:	transitive	ch.qos.logback:logback-core:1.5.34	prod
:	transitive	com.fasterxml.jackson.core:jackson-annotations:2.21	dev
:	transitive	com.fasterxml.jackson.core:jackson-annotations:2.21	prod
:	transitive	com.fasterxml:classmate:1.7.3	dev
:	transitive	com.fasterxml:classmate:1.7.3	prod
:	transitive	com.github.docker-java:docker-java-api:3.7.1	dev
:	transitive	com.github.docker-java:docker-java-transport-zerodep:3.7.1	dev
:	transitive	com.github.docker-java:docker-java-transport:3.7.1	dev
:	transitive	com.google.errorprone:error_prone_annotations:2.38.0	dev
:	transitive	com.google.errorprone:error_prone_annotations:2.38.0	prod
:	transitive	com.google.errorprone:error_prone_annotations:2.49.0	dev
:	transitive	com.google.errorprone:error_prone_annotations:2.49.0	prod
:	transitive	com.jayway.jsonpath:json-path:2.10.0	dev
:	transitive	com.sun.istack:istack-commons-runtime:4.1.2	dev
:	transitive	com.sun.istack:istack-commons-runtime:4.1.2	prod
:	transitive	com.vaadin.external.google:android-json:0.0.20131108.vaadin1	dev
:	transitive	com.zaxxer:HikariCP:7.0.2	dev
:	transitive	com.zaxxer:HikariCP:7.0.2	prod
:	transitive	commons-codec:commons-codec:1.21.0	dev
:	transitive	commons-io:commons-io:2.20.0	dev
:	transitive	commons-logging:commons-logging:1.3.6	dev
:	transitive	commons-logging:commons-logging:1.3.6	prod
:	transitive	io.micrometer:micrometer-commons:1.17.0	dev
:	transitive	io.micrometer:micrometer-commons:1.17.0	prod
:	transitive	io.micrometer:micrometer-core:1.17.0	dev
:	transitive	io.micrometer:micrometer-core:1.17.0	prod
:	transitive	io.micrometer:micrometer-jakarta9:1.17.0	dev
:	transitive	io.micrometer:micrometer-jakarta9:1.17.0	prod
:	transitive	io.micrometer:micrometer-observation:1.17.0	dev
:	transitive	io.micrometer:micrometer-observation:1.17.0	prod
:	transitive	jakarta.activation:jakarta.activation-api:2.1.4	dev
:	transitive	jakarta.activation:jakarta.activation-api:2.1.4	prod
:	transitive	jakarta.annotation:jakarta.annotation-api:3.0.0	dev
:	transitive	jakarta.annotation:jakarta.annotation-api:3.0.0	prod
:	transitive	jakarta.inject:jakarta.inject-api:2.0.1	dev
:	transitive	jakarta.inject:jakarta.inject-api:2.0.1	prod
:	transitive	jakarta.persistence:jakarta.persistence-api:3.2.0	dev
:	transitive	jakarta.persistence:jakarta.persistence-api:3.2.0	prod
:	transitive	jakarta.transaction:jakarta.transaction-api:2.0.1	dev
:	transitive	jakarta.transaction:jakarta.transaction-api:2.0.1	prod
:	transitive	jakarta.validation:jakarta.validation-api:3.1.1	dev
:	transitive	jakarta.validation:jakarta.validation-api:3.1.1	prod
:	transitive	net.bytebuddy:byte-buddy-agent:1.18.10	dev
:	transitive	net.bytebuddy:byte-buddy:1.18.10	dev
:	transitive	net.bytebuddy:byte-buddy:1.18.10	prod
:	transitive	net.java.dev.jna:jna:5.18.1	dev
:	transitive	net.minidev:accessors-smart:2.6.0	dev
:	transitive	net.minidev:json-smart:2.6.0	dev
:	transitive	org.antlr:antlr4-runtime:4.13.2	dev
:	transitive	org.antlr:antlr4-runtime:4.13.2	prod
:	transitive	org.apache.commons:commons-compress:1.28.0	dev
:	transitive	org.apache.commons:commons-lang3:3.20.0	dev
:	transitive	org.apache.logging.log4j:log4j-api:2.25.4	dev
:	transitive	org.apache.logging.log4j:log4j-api:2.25.4	prod
:	transitive	org.apache.logging.log4j:log4j-to-slf4j:2.25.4	dev
:	transitive	org.apache.logging.log4j:log4j-to-slf4j:2.25.4	prod
:	transitive	org.apache.tomcat.embed:tomcat-embed-core:11.0.22	dev
:	transitive	org.apache.tomcat.embed:tomcat-embed-core:11.0.22	prod
:	transitive	org.apache.tomcat.embed:tomcat-embed-el:11.0.22	dev
:	transitive	org.apache.tomcat.embed:tomcat-embed-el:11.0.22	prod
:	transitive	org.apache.tomcat.embed:tomcat-embed-websocket:11.0.22	dev
:	transitive	org.apache.tomcat.embed:tomcat-embed-websocket:11.0.22	prod
:	transitive	org.apiguardian:apiguardian-api:1.1.2	dev
:	transitive	org.aspectj:aspectjweaver:1.9.25.1	dev
:	transitive	org.aspectj:aspectjweaver:1.9.25.1	prod
:	transitive	org.assertj:assertj-core:3.27.7	dev
:	transitive	org.attoparser:attoparser:2.0.7.RELEASE	dev
:	transitive	org.attoparser:attoparser:2.0.7.RELEASE	prod
:	transitive	org.awaitility:awaitility:4.3.0	dev
:	transitive	org.eclipse.angus:angus-activation:2.0.3	dev
:	transitive	org.eclipse.angus:angus-activation:2.0.3	prod
:	transitive	org.glassfish.jaxb:jaxb-core:4.0.9	dev
:	transitive	org.glassfish.jaxb:jaxb-core:4.0.9	prod
:	transitive	org.glassfish.jaxb:jaxb-runtime:4.0.9	dev
:	transitive	org.glassfish.jaxb:jaxb-runtime:4.0.9	prod
:	transitive	org.glassfish.jaxb:txw2:4.0.9	dev
:	transitive	org.glassfish.jaxb:txw2:4.0.9	prod
:	transitive	org.hamcrest:hamcrest:3.0	dev
:	transitive	org.hdrhistogram:HdrHistogram:2.2.2	dev
:	transitive	org.hdrhistogram:HdrHistogram:2.2.2	prod
:	transitive	org.hibernate.models:hibernate-models:1.1.1	dev
:	transitive	org.hibernate.models:hibernate-models:1.1.1	prod
:	transitive	org.hibernate.orm:hibernate-core:7.4.1.Final	dev
:	transitive	org.hibernate.orm:hibernate-core:7.4.1.Final	prod
:	transitive	org.hibernate.orm:hibernate-platform:7.4.1.Final	dev
:	transitive	org.hibernate.orm:hibernate-platform:7.4.1.Final	prod
:	transitive	org.hibernate.validator:hibernate-validator:9.1.0.Final	dev
:	transitive	org.hibernate.validator:hibernate-validator:9.1.0.Final	prod
:	transitive	org.jboss.logging:jboss-logging:3.6.3.Final	dev
:	transitive	org.jboss.logging:jboss-logging:3.6.3.Final	prod
:	transitive	org.jetbrains:annotations:17.0.0	dev
:	transitive	org.jspecify:jspecify:1.0.0	dev
:	transitive	org.jspecify:jspecify:1.0.0	prod
:	transitive	org.junit.jupiter:junit-jupiter-api:6.0.3	dev
:	transitive	org.junit.jupiter:junit-jupiter-engine:6.0.3	dev
:	transitive	org.junit.jupiter:junit-jupiter-params:6.0.3	dev
:	transitive	org.junit.jupiter:junit-jupiter:6.0.3	dev
:	transitive	org.junit.platform:junit-platform-commons:6.0.3	dev
:	transitive	org.junit.platform:junit-platform-engine:6.0.3	dev
:	transitive	org.junit.platform:junit-platform-launcher:6.0.3	dev
:	transitive	org.junit:junit-bom:6.0.3	dev
:	transitive	org.mockito:mockito-core:5.23.0	dev
:	transitive	org.mockito:mockito-junit-jupiter:5.23.0	dev
:	transitive	org.objenesis:objenesis:3.3	dev
:	transitive	org.opentest4j:opentest4j:1.3.0	dev
:	transitive	org.osgi:org.osgi.annotation.bundle:2.0.0	dev
:	transitive	org.osgi:org.osgi.annotation.bundle:2.0.0	prod
:	transitive	org.osgi:org.osgi.annotation.versioning:1.1.2	dev
:	transitive	org.osgi:org.osgi.annotation.versioning:1.1.2	prod
:	transitive	org.osgi:org.osgi.resource:1.0.0	dev
:	transitive	org.osgi:org.osgi.resource:1.0.0	prod
:	transitive	org.osgi:org.osgi.service.serviceloader:1.0.0	dev
:	transitive	org.osgi:org.osgi.service.serviceloader:1.0.0	prod
:	transitive	org.ow2.asm:asm:9.7.1	dev
:	transitive	org.rnorth.duct-tape:duct-tape:1.0.8	dev
:	transitive	org.skyscreamer:jsonassert:1.5.3	dev
:	transitive	org.slf4j:jul-to-slf4j:2.0.18	dev
:	transitive	org.slf4j:jul-to-slf4j:2.0.18	prod
:	transitive	org.slf4j:slf4j-api:2.0.18	dev
:	transitive	org.slf4j:slf4j-api:2.0.18	prod
:	transitive	org.springframework.boot:spring-boot-actuator-autoconfigure:4.1.0	dev
:	transitive	org.springframework.boot:spring-boot-actuator-autoconfigure:4.1.0	prod
:	transitive	org.springframework.boot:spring-boot-actuator:4.1.0	dev
:	transitive	org.springframework.boot:spring-boot-actuator:4.1.0	prod
:	transitive	org.springframework.boot:spring-boot-autoconfigure:4.1.0	dev
:	transitive	org.springframework.boot:spring-boot-autoconfigure:4.1.0	prod
:	transitive	org.springframework.boot:spring-boot-cache:4.1.0	dev
:	transitive	org.springframework.boot:spring-boot-cache:4.1.0	prod
:	transitive	org.springframework.boot:spring-boot-data-commons:4.1.0	dev
:	transitive	org.springframework.boot:spring-boot-data-commons:4.1.0	prod
:	transitive	org.springframework.boot:spring-boot-data-jpa-test:4.1.0	dev
:	transitive	org.springframework.boot:spring-boot-data-jpa:4.1.0	dev
:	transitive	org.springframework.boot:spring-boot-data-jpa:4.1.0	prod
:	transitive	org.springframework.boot:spring-boot-health:4.1.0	dev
:	transitive	org.springframework.boot:spring-boot-health:4.1.0	prod
:	transitive	org.springframework.boot:spring-boot-hibernate:4.1.0	dev
:	transitive	org.springframework.boot:spring-boot-hibernate:4.1.0	prod
:	transitive	org.springframework.boot:spring-boot-http-client:4.1.0	dev
:	transitive	org.springframework.boot:spring-boot-http-converter:4.1.0	dev
:	transitive	org.springframework.boot:spring-boot-http-converter:4.1.0	prod
:	transitive	org.springframework.boot:spring-boot-jackson:4.1.0	dev
:	transitive	org.springframework.boot:spring-boot-jackson:4.1.0	prod
:	transitive	org.springframework.boot:spring-boot-jdbc-test:4.1.0	dev
:	transitive	org.springframework.boot:spring-boot-jdbc:4.1.0	dev
:	transitive	org.springframework.boot:spring-boot-jdbc:4.1.0	prod
:	transitive	org.springframework.boot:spring-boot-jpa-test:4.1.0	dev
:	transitive	org.springframework.boot:spring-boot-jpa:4.1.0	dev
:	transitive	org.springframework.boot:spring-boot-jpa:4.1.0	prod
:	transitive	org.springframework.boot:spring-boot-micrometer-metrics:4.1.0	dev
:	transitive	org.springframework.boot:spring-boot-micrometer-metrics:4.1.0	prod
:	transitive	org.springframework.boot:spring-boot-micrometer-observation:4.1.0	dev
:	transitive	org.springframework.boot:spring-boot-micrometer-observation:4.1.0	prod
:	transitive	org.springframework.boot:spring-boot-persistence:4.1.0	dev
:	transitive	org.springframework.boot:spring-boot-persistence:4.1.0	prod
:	transitive	org.springframework.boot:spring-boot-restclient-test:4.1.0	dev
:	transitive	org.springframework.boot:spring-boot-restclient:4.1.0	dev
:	transitive	org.springframework.boot:spring-boot-resttestclient:4.1.0	dev
:	transitive	org.springframework.boot:spring-boot-servlet:4.1.0	dev
:	transitive	org.springframework.boot:spring-boot-servlet:4.1.0	prod
:	transitive	org.springframework.boot:spring-boot-sql:4.1.0	dev
:	transitive	org.springframework.boot:spring-boot-sql:4.1.0	prod
:	transitive	org.springframework.boot:spring-boot-starter-jackson-test:4.1.0	dev
:	transitive	org.springframework.boot:spring-boot-starter-jackson:4.1.0	dev
:	transitive	org.springframework.boot:spring-boot-starter-jackson:4.1.0	prod
:	transitive	org.springframework.boot:spring-boot-starter-jdbc-test:4.1.0	dev
:	transitive	org.springframework.boot:spring-boot-starter-jdbc:4.1.0	dev
:	transitive	org.springframework.boot:spring-boot-starter-jdbc:4.1.0	prod
:	transitive	org.springframework.boot:spring-boot-starter-logging:4.1.0	dev
:	transitive	org.springframework.boot:spring-boot-starter-logging:4.1.0	prod
:	transitive	org.springframework.boot:spring-boot-starter-micrometer-metrics:4.1.0	dev
:	transitive	org.springframework.boot:spring-boot-starter-micrometer-metrics:4.1.0	prod
:	transitive	org.springframework.boot:spring-boot-starter-restclient:4.1.0	dev
:	transitive	org.springframework.boot:spring-boot-starter-test:4.1.0	dev
:	transitive	org.springframework.boot:spring-boot-starter-tomcat-runtime:4.1.0	dev
:	transitive	org.springframework.boot:spring-boot-starter-tomcat-runtime:4.1.0	prod
:	transitive	org.springframework.boot:spring-boot-starter-tomcat:4.1.0	dev
:	transitive	org.springframework.boot:spring-boot-starter-tomcat:4.1.0	prod
:	transitive	org.springframework.boot:spring-boot-starter:4.1.0	dev
:	transitive	org.springframework.boot:spring-boot-starter:4.1.0	prod
:	transitive	org.springframework.boot:spring-boot-test-autoconfigure:4.1.0	dev
:	transitive	org.springframework.boot:spring-boot-test:4.1.0	dev
:	transitive	org.springframework.boot:spring-boot-thymeleaf:4.1.0	dev
:	transitive	org.springframework.boot:spring-boot-thymeleaf:4.1.0	prod
:	transitive	org.springframework.boot:spring-boot-tomcat:4.1.0	dev
:	transitive	org.springframework.boot:spring-boot-tomcat:4.1.0	prod
:	transitive	org.springframework.boot:spring-boot-transaction:4.1.0	dev
:	transitive	org.springframework.boot:spring-boot-transaction:4.1.0	prod
:	transitive	org.springframework.boot:spring-boot-validation:4.1.0	dev
:	transitive	org.springframework.boot:spring-boot-validation:4.1.0	prod
:	transitive	org.springframework.boot:spring-boot-web-server:4.1.0	dev
:	transitive	org.springframework.boot:spring-boot-web-server:4.1.0	prod
:	transitive	org.springframework.boot:spring-boot-webmvc-test:4.1.0	dev
:	transitive	org.springframework.boot:spring-boot-webmvc:4.1.0	dev
:	transitive	org.springframework.boot:spring-boot-webmvc:4.1.0	prod
:	transitive	org.springframework.boot:spring-boot:4.1.0	dev
:	transitive	org.springframework.boot:spring-boot:4.1.0	prod
:	transitive	org.springframework.data:spring-data-commons:4.1.0	dev
:	transitive	org.springframework.data:spring-data-commons:4.1.0	prod
:	transitive	org.springframework.data:spring-data-jpa:4.1.0	dev
:	transitive	org.springframework.data:spring-data-jpa:4.1.0	prod
:	transitive	org.springframework:spring-aop:7.0.8	dev
:	transitive	org.springframework:spring-aop:7.0.8	prod
:	transitive	org.springframework:spring-aspects:7.0.8	dev
:	transitive	org.springframework:spring-aspects:7.0.8	prod
:	transitive	org.springframework:spring-beans:7.0.8	dev
:	transitive	org.springframework:spring-beans:7.0.8	prod
:	transitive	org.springframework:spring-context-support:7.0.8	dev
:	transitive	org.springframework:spring-context-support:7.0.8	prod
:	transitive	org.springframework:spring-context:7.0.8	dev
:	transitive	org.springframework:spring-context:7.0.8	prod
:	transitive	org.springframework:spring-core:7.0.8	dev
:	transitive	org.springframework:spring-core:7.0.8	prod
:	transitive	org.springframework:spring-expression:7.0.8	dev
:	transitive	org.springframework:spring-expression:7.0.8	prod
:	transitive	org.springframework:spring-jdbc:7.0.8	dev
:	transitive	org.springframework:spring-jdbc:7.0.8	prod
:	transitive	org.springframework:spring-orm:7.0.8	dev
:	transitive	org.springframework:spring-orm:7.0.8	prod
:	transitive	org.springframework:spring-test:7.0.8	dev
:	transitive	org.springframework:spring-tx:7.0.8	dev
:	transitive	org.springframework:spring-tx:7.0.8	prod
:	transitive	org.springframework:spring-web:7.0.8	dev
:	transitive	org.springframework:spring-web:7.0.8	prod
:	transitive	org.springframework:spring-webmvc:7.0.8	dev
:	transitive	org.springframework:spring-webmvc:7.0.8	prod
:	transitive	org.testcontainers:testcontainers-database-commons:2.0.5	dev
:	transitive	org.testcontainers:testcontainers-jdbc:2.0.5	dev
:	transitive	org.testcontainers:testcontainers:2.0.5	dev
:	transitive	org.thymeleaf:thymeleaf-spring6:3.1.5.RELEASE	dev
:	transitive	org.thymeleaf:thymeleaf-spring6:3.1.5.RELEASE	prod
:	transitive	org.thymeleaf:thymeleaf:3.1.5.RELEASE	dev
:	transitive	org.thymeleaf:thymeleaf:3.1.5.RELEASE	prod
:	transitive	org.unbescape:unbescape:1.1.6.RELEASE	dev
:	transitive	org.unbescape:unbescape:1.1.6.RELEASE	prod
:	transitive	org.xmlunit:xmlunit-core:2.11.0	dev
:	transitive	org.yaml:snakeyaml:2.6	dev
:	transitive	org.yaml:snakeyaml:2.6	prod
:	transitive	tools.jackson.core:jackson-core:3.1.4	dev
:	transitive	tools.jackson.core:jackson-core:3.1.4	prod
:	transitive	tools.jackson.core:jackson-databind:3.1.4	dev
:	transitive	tools.jackson.core:jackson-databind:3.1.4	prod
:	transitive	tools.jackson:jackson-bom:3.1.4	dev
:	transitive	tools.jackson:jackson-bom:3.1.4	prod
